3333,PriceUpdate,0,1,1569891667220498345,[1,{12,1110491,85.06,,,}]
4350,PriceUpdate,0,1,1569906900059951937,[1,{14,1110491,,,,}]
5801,PriceUpdate,0,1,1569906917511576855,[1,{14,1110491,85,20,23,2}]
5824,PriceUpdate,0,1,1569906917861587318,[1,{14,1110491,83.97,82,16,1}]
5833,PriceUpdate,0,1,1569906918661612941,[1,{14,1110491,83.8,156,14,1}]
7699,PriceUpdate,0,1,1569907031315228552,[1,{14,1110491,83.8,159,11,1}]
8525,PriceUpdate,0,1,1569907834691520245,[1,{14,1110491,83.75,190,5,1}]
8578,PriceUpdate,0,1,1569907835791548932,[1,{14,1110491,83.71,221,66,1}]
8760,PriceUpdate,0,1,1569907841491724389,[1,{14,1110491,83.75,221,4,1}]
8800,PriceUpdate,0,1,1569907842491753627,[1,{14,1110491,83.75,221,11,1}]
8819,PriceUpdate,0,1,1569907843191778649,[1,{14,1110491,83.75,224,8,1}]
8856,PriceUpdate,0,1,1569907843791803131,[1,{14,1110491,84,224,18,1}]
8987,PriceUpdate,0,1,1569907847241907750,[1,{14,1110491,83.97,277,8,1}]
9526,PriceUpdate,0,1,1569907861942373297,[1,{14,1110491,83.97,277,23,1}]
9537,PriceUpdate,0,1,1569907862192381146,[1,{14,1110491,84.7,322,10,2}]
9697,PriceUpdate,0,1,1569907866342500204,[1,{14,1110491,84.7,322,32,2}]
10031,PriceUpdate,0,1,1569907912343921977,[1,{14,1110491,84.7,322,47,2}]
11512,PriceUpdate,0,1,1569908444510695753,[1,{14,1110491,84.5,322,397,2}]
11555,PriceUpdate,0,1,1569908446010747533,[1,{14,1110491,84.5,422,297,2}]
11891,PriceUpdate,0,1,1569908576714942471,[1,{14,1110491,84.5,422,307,2}]
11971,PriceUpdate,0,1,1569908603016222528,[1,{14,1110491,84.5,422,322,2}]
12229,PriceUpdate,0,1,1569908716969777896,[1,{14,1110491,84.5,424,320,2}]
12232,PriceUpdate,0,1,1569908717419794035,[1,{14,1110491,84.5,424,325,2}]
12258,PriceUpdate,0,1,1569908725720051880,[1,{14,1110491,84.5,424,335,2}]
12418,PriceUpdate,0,1,1569909107981521892,[1,{14,1110491,84,459,1095,2}]
12453,PriceUpdate,0,1,1569909111181615786,[1,{14,1110491,83.55,784,34,1}]
12456,PriceUpdate,0,1,1569909112131639819,[1,{14,1110491,83.5,884,110,1}]
12461,PriceUpdate,0,1,1569909112331646051,[1,{14,1110491,81,2684,1148,1}]
12488,PriceUpdate,0,1,1569909113881684439,[1,{14,1110491,81,2892,940,1}]
12516,PriceUpdate,0,1,1569909116631760487,[1,{14,1110491,81,2999,833,1}]
12519,PriceUpdate,0,1,1569909116781764082,[1,{14,1110491,81,3353,479,1}]
12536,PriceUpdate,0,1,1569909119281837124,[1,{14,1110491,81,3433,399,1}]
12734,PriceUpdate,0,1,1569909337588284491,[1,{14,1110491,81,3433,403,1}]
13109,PriceUpdate,0,1,1569909541894162695,[1,{14,1110491,81,3433,483,1}]
13209,PriceUpdate,0,1,1569909605045898296,[1,{14,1110491,81.2,3433,108,1}]
13573,PriceUpdate,0,1,1569910146062175835,[1,{14,1110491,81.2,3433,113,1}]
13576,PriceUpdate,0,1,1569910146112178008,[1,{14,1110491,81,3433,1035,1}]
13600,PriceUpdate,0,1,1569910200613837303,[1,{14,1110491,81,3433,1163,1}]
13603,PriceUpdate,0,1,1569910200663838333,[1,{14,1110491,81,3433,1245,1}]
13609,PriceUpdate,0,1,1569910200713840314,[1,{14,1110491,81,3517,1161,1}]
13960,PriceUpdate,0,1,1569910231614742642,[1,{14,1110491,81,3604,1074,1}]
14051,PriceUpdate,0,1,1569910310467142012,[1,{14,1110491,81,3804,874,1}]
14413,PriceUpdate,0,1,1569910506023151521,[1,{14,1110491,81,3804,885,1}]
14869,PriceUpdate,0,1,1569910511323316550,[1,{14,1110491,81,3804,908,1}]
15338,PriceUpdate,0,1,1569910516873481884,[1,{14,1110491,81,3804,928,1}]
16282,PriceUpdate,0,1,1569910780532509060,[1,{14,1110491,81,3804,917,1}]
16287,PriceUpdate,0,1,1569910780582510742,[1,{14,1110491,81,3804,851,1}]
16877,PriceUpdate,0,1,1569910856034699634,[1,{14,1110491,81,3804,862,1}]
16947,PriceUpdate,0,1,1569910906486199923,[1,{14,1110491,81,3894,772,1}]
17068,PriceUpdate,0,1,1569910937537169329,[1,{14,1110491,81,3894,942,1}]
17286,PriceUpdate,0,1,1569911134494628397,[1,{14,1110491,81,3975,861,1}]
17666,PriceUpdate,0,1,1569911355702522568,[1,{14,1110491,81,3975,854,1}]
18362,PriceUpdate,0,1,1569911464456416731,[1,{14,1110491,81,3995,834,1}]
18367,PriceUpdate,0,1,1569911464506419143,[1,{14,1110491,81,3995,770,1}]
18372,PriceUpdate,0,1,1569911464706425958,[1,{14,1110491,81,4015,750,1}]
18443,PriceUpdate,0,1,1569911499607759154,[1,{14,1110491,81,4151,614,1}]
18480,PriceUpdate,0,1,1569911525308708449,[1,{14,1110491,81,4191,574,1}]
18483,PriceUpdate,0,1,1569911525408711527,[1,{14,1110491,81,4211,554,1}]
18486,PriceUpdate,0,1,1569911525858725924,[1,{14,1110491,81,4231,534,1}]
18652,PriceUpdate,0,1,1569911540959234125,[1,{14,1110491,81,4231,539,1}]
18673,PriceUpdate,0,1,1569911542059267899,[1,{14,1110491,81,4231,557,1}]
18701,PriceUpdate,0,1,1569911542259275131,[1,{14,1110491,81,4375,413,1}]
18975,PriceUpdate,0,1,1569911700915975181,[1,{14,1110491,82.52,4391,330,2}]
19060,PriceUpdate,0,1,1569911745817375302,[1,{14,1110491,82.52,4391,335,2}]
19284,PriceUpdate,0,1,1569911943024039315,[1,{14,1110491,82.5,4452,60,1}]
19714,PriceUpdate,0,1,1569912191083373328,[1,{14,1110491,82.5,4472,40,1}]
21724,PriceUpdate,0,1,1569912323992017961,[1,{14,1110491,82.5,4472,58,1}]
21832,PriceUpdate,0,1,1569912357443164794,[1,{14,1110491,83,4818,55,1}]
21899,PriceUpdate,0,1,1569912359643289130,[1,{14,1110491,83.26,4818,70,1}]
21933,PriceUpdate,0,1,1569912359793301447,[1,{14,1110491,83.8,4818,63,1}]
21971,PriceUpdate,0,1,1569912360593348350,[1,{14,1110491,84,5209,819,2}]
22011,PriceUpdate,0,1,1569912361543388787,[1,{14,1110491,84,5712,316,2}]
22019,PriceUpdate,0,1,1569912361593389643,[1,{14,1110491,84,5827,201,2}]
22055,PriceUpdate,0,1,1569912362643425263,[1,{14,1110491,84.5,6290,143,2}]
22175,PriceUpdate,0,1,1569912423045324785,[1,{14,1110491,84.5,6349,84,2}]
22408,PriceUpdate,0,1,1569912505247936636,[1,{14,1110491,84,6389,103,2}]
22589,PriceUpdate,0,1,1569912591600638595,[1,{14,1110491,84.9,7124,1179,2}]
22593,PriceUpdate,0,1,1569912591650639572,[1,{14,1110491,84.9,7241,1062,2}]
22885,PriceUpdate,0,1,1569912610551316630,[1,{14,1110491,84,7281,1149,2}]
22895,PriceUpdate,0,1,1569912610601317753,[1,{14,1110491,80.5,10966,194,1}]
22931,PriceUpdate,0,1,1569912610951332693,[1,{14,1110491,80.5,10966,252,1}]
23117,PriceUpdate,0,1,1569912619001607457,[1,{14,1110491,81,10966,569,1}]
23158,PriceUpdate,0,1,1569912620151648879,[1,{14,1110491,81.85,10966,5,1}]
23177,PriceUpdate,0,1,1569912620351655488,[1,{14,1110491,81.4,11094,0,0}]
23231,PriceUpdate,0,1,1569912621451720735,[1,{14,1110491,82.4,11094,29,1}]
23625,PriceUpdate,0,1,1569912657652894494,[1,{14,1110491,81,12758,206,1}]
23628,PriceUpdate,0,1,1569912657702895342,[1,{14,1110491,81,12758,811,1}]
23646,PriceUpdate,0,1,1569912658452919706,[1,{14,1110491,81,12761,808,1}]
23673,PriceUpdate,0,1,1569912659902960776,[1,{14,1110491,82.52,13024,83,2}]
23685,PriceUpdate,0,1,1569912660152967126,[1,{14,1110491,84.87,14772,1136,1}]
23696,PriceUpdate,0,1,1569912660352971190,[1,{14,1110491,84.87,14772,1302,1}]
23706,PriceUpdate,0,1,1569912663603071510,[1,{14,1110491,84.87,14772,1317,1}]
24398,PriceUpdate,0,1,1569912709354525552,[1,{14,1110491,84.87,14772,814,1}]
24450,PriceUpdate,0,1,1569912709654533243,[1,{14,1110491,84.87,14772,311,1}]
24497,PriceUpdate,0,1,1569912712354620789,[1,{14,1110491,84.5,14580,142,2}]
24542,PriceUpdate,0,1,1569912712704635050,[1,{14,1110491,84.2,14322,352,1}]
24590,PriceUpdate,0,1,1569912714454683761,[1,{14,1110491,84,14314,3,2}]
24627,PriceUpdate,0,1,1569912714954697878,[1,{14,1110491,84,13811,506,2}]
24638,PriceUpdate,0,1,1569912715154705457,[1,{14,1110491,84,13697,620,2}]
24729,PriceUpdate,0,1,1569912722054914037,[1,{14,1110491,84,13697,918,2}]
24736,PriceUpdate,0,1,1569912722204916312,[1,{14,1110491,83.8,13405,3,1}]
24755,PriceUpdate,0,1,1569912722354923010,[1,{14,1110491,83.71,13405,2,1}]
24764,PriceUpdate,0,1,1569912722404926494,[1,{14,1110491,83.69,13405,20,1}]
24781,PriceUpdate,0,1,1569912722554933078,[1,{14,1110491,83.52,13405,69,1}]
24987,PriceUpdate,0,1,1569912724154980234,[1,{14,1110491,83.5,13405,127,1}]
25251,PriceUpdate,0,1,1569912727055090300,[1,{14,1110491,83.5,13405,527,1}]
25507,PriceUpdate,0,1,1569912765806283052,[1,{14,1110491,83.2,13405,43,1}]
25529,PriceUpdate,0,1,1569912768956380078,[1,{14,1110491,83.28,13405,4,1}]
25534,PriceUpdate,0,1,1569912769006380719,[1,{14,1110491,83.28,13405,977,1}]
25551,PriceUpdate,0,1,1569912770056414165,[1,{14,1110491,84,13599,1016,2}]
25557,PriceUpdate,0,1,1569912770256419268,[1,{14,1110491,84,14572,43,2}]
25736,PriceUpdate,0,1,1569912787606915520,[1,{14,1110491,84,14615,539,1}]
25765,PriceUpdate,0,1,1569912788406936289,[1,{14,1110491,84,14615,657,1}]
26369,PriceUpdate,0,1,1569912853458971800,[1,{14,1110491,84.5,14908,112,2}]
26376,PriceUpdate,0,1,1569912853508975356,[1,{14,1110491,84.61,15020,60,1}]
26391,PriceUpdate,0,1,1569912853708980384,[1,{14,1110491,84.61,15020,1154,1}]
26455,PriceUpdate,0,1,1569912855059018295,[1,{14,1110491,84.61,15609,701,1}]
26485,PriceUpdate,0,1,1569912855259022335,[1,{14,1110491,84.61,15609,1173,1}]
27061,PriceUpdate,0,1,1569912900060388794,[1,{14,1110491,84.61,15609,2438,1}]
27540,PriceUpdate,0,1,1569912920111595294,[1,{14,1110491,84.64,15609,1067,1}]
27549,PriceUpdate,0,1,1569912920161598215,[1,{14,1110491,84.64,15609,2161,1}]
27564,PriceUpdate,0,1,1569912920261599581,[1,{14,1110491,84.65,15609,902,1}]
27579,PriceUpdate,0,1,1569912920361601384,[1,{14,1110491,84.65,15609,1996,1}]
27655,PriceUpdate,0,1,1569912933562118068,[1,{14,1110491,84.65,15609,2026,1}]
27659,PriceUpdate,0,1,1569912933612128593,[1,{14,1110491,84.65,15609,2028,1}]
27693,PriceUpdate,0,1,1569912934012186663,[1,{14,1110491,84.65,15609,2039,1}]
27709,PriceUpdate,0,1,1569912934212192073,[1,{14,1110491,84.65,15609,2046,1}]
27756,PriceUpdate,0,1,1569912934962268956,[1,{14,1110491,84.65,15611,2044,1}]
27847,PriceUpdate,0,1,1569912938312418783,[1,{14,1110491,84.65,15655,2000,1}]
27872,PriceUpdate,0,1,1569912940712554102,[1,{14,1110491,84.65,15889,1766,1}]
27909,PriceUpdate,0,1,1569912942612628926,[1,{14,1110491,84.65,16038,1617,1}]
27941,PriceUpdate,0,1,1569912946262811158,[1,{14,1110491,84.65,16463,1192,1}]
28065,PriceUpdate,0,1,1569912965113465918,[1,{14,1110491,84.65,16463,417,1}]
28094,PriceUpdate,0,1,1569912968913587010,[1,{14,1110491,85.3,20667,395,2}]
28097,PriceUpdate,0,1,1569912968963588963,[1,{14,1110491,85.34,21287,884,2}]
28107,PriceUpdate,0,1,1569912969163595704,[1,{14,1110491,85.4,22849,317,2}]
28112,PriceUpdate,0,1,1569912969363601959,[1,{14,1110491,85.4,23166,1200,1}]
28156,PriceUpdate,0,1,1569912971163655993,[1,{14,1110491,85.4,23166,425,1}]
28213,PriceUpdate,0,1,1569912988564233896,[1,{14,1110491,85.4,23591,350,2}]
28217,PriceUpdate,0,1,1569912988764240281,[1,{14,1110491,85.4,23779,162,2}]
28341,PriceUpdate,0,1,1569912998864578662,[1,{14,1110491,85.42,22053,260,2}]
28348,PriceUpdate,0,1,1569912999064584366,[1,{14,1110491,85.42,22313,1272,1}]
28414,PriceUpdate,0,1,1569913005064791145,[1,{14,1110491,85.48,22053,660,2}]
28422,PriceUpdate,0,1,1569913005264804397,[1,{14,1110491,85.48,22713,872,1}]
28462,PriceUpdate,0,1,1569913015065101806,[1,{14,1110491,85.48,23360,225,1}]
28550,PriceUpdate,0,1,1569913020865290771,[1,{14,1110491,85.48,23360,228,1}]
28707,PriceUpdate,0,1,1569913022315337113,[1,{14,1110491,85.48,23525,63,1}]
28727,PriceUpdate,0,1,1569913022515345905,[1,{14,1110491,85.48,23525,228,1}]
28849,PriceUpdate,0,1,1569913024465423491,[1,{14,1110491,85.48,23525,258,1}]
28945,PriceUpdate,0,1,1569913037315917504,[1,{14,1110491,85.48,23525,797,1}]
29108,PriceUpdate,0,1,1569913064766803138,[1,{14,1110491,85.48,23565,757,1}]
29297,PriceUpdate,0,1,1569913092117745450,[1,{14,1110491,85.48,23590,732,1}]
29396,PriceUpdate,0,1,1569913113618461335,[1,{14,1110491,85.48,23590,694,1}]
30127,PriceUpdate,0,1,1569913152669790454,[1,{14,1110491,85.48,23590,782,1}]
30406,PriceUpdate,0,1,1569913163620153379,[1,{14,1110491,85.48,23590,787,1}]
30661,PriceUpdate,0,1,1569913169720411713,[1,{14,1110491,85.48,23590,1057,1}]
30767,PriceUpdate,0,1,1569913170070434325,[1,{14,1110491,85.48,23590,1136,1}]
30855,PriceUpdate,0,1,1569913171770531085,[1,{14,1110491,85.48,23601,1125,1}]
30887,PriceUpdate,0,1,1569913172020542263,[1,{14,1110491,85.48,23601,1182,1}]
31144,PriceUpdate,0,1,1569913174770673339,[1,{14,1110491,85.48,23601,1261,1}]
31229,PriceUpdate,0,1,1569913175320695991,[1,{14,1110491,85.48,23852,1010,1}]
31237,PriceUpdate,0,1,1569913175370697020,[1,{14,1110491,85.48,23852,1295,1}]
31261,PriceUpdate,0,1,1569913176370732521,[1,{14,1110491,85.48,23852,1319,1}]
31433,PriceUpdate,0,1,1569913179170928348,[1,{14,1110491,85.48,23852,1398,1}]
31623,PriceUpdate,0,1,1569913183321082768,[1,{14,1110491,85.48,23852,1477,1}]
31649,PriceUpdate,0,1,1569913183371087303,[1,{14,1110491,85.48,23852,1575,1}]
31682,PriceUpdate,0,1,1569913183421089019,[1,{14,1110491,85.48,24103,1324,1}]
31690,PriceUpdate,0,1,1569913183471090139,[1,{14,1110491,85.48,24162,1265,1}]
31956,PriceUpdate,0,1,1569913187121213289,[1,{14,1110491,85.48,24162,1288,1}]
32030,PriceUpdate,0,1,1569913187221225885,[1,{14,1110491,85.48,24162,1367,1}]
32169,PriceUpdate,0,1,1569913189121334746,[1,{14,1110491,85.48,24808,721,1}]
32203,PriceUpdate,0,1,1569913189221340786,[1,{14,1110491,85.48,24951,580,1}]
32290,PriceUpdate,0,1,1569913190121385686,[1,{14,1110491,85.48,24951,574,1}]
32303,PriceUpdate,0,1,1569913190171390713,[1,{14,1110491,85.48,24614,337,2}]
32312,PriceUpdate,0,1,1569913190221392629,[1,{14,1110491,85.48,24516,435,2}]
32330,PriceUpdate,0,1,1569913190321396539,[1,{14,1110491,85.48,24516,533,2}]
32396,PriceUpdate,0,1,1569913190471400907,[1,{14,1110491,85.4,24516,603,2}]
32423,PriceUpdate,0,1,1569913190621406976,[1,{14,1110491,85.4,24516,701,2}]
32591,PriceUpdate,0,1,1569913193121554644,[1,{14,1110491,85.4,24543,674,2}]
32699,PriceUpdate,0,1,1569913194421656067,[1,{14,1110491,85.38,24543,622,2}]
32708,PriceUpdate,0,1,1569913194471656779,[1,{14,1110491,85.38,24543,720,2}]
32759,PriceUpdate,0,1,1569913194971777468,[1,{14,1110491,85.37,24543,51,2}]
32795,PriceUpdate,0,1,1569913195021780709,[1,{14,1110491,85.34,24543,110,2}]
32819,PriceUpdate,0,1,1569913195071783576,[1,{14,1110491,85.34,24543,213,2}]
32893,PriceUpdate,0,1,1569913195271786585,[1,{14,1110491,85.34,24707,49,2}]
32925,PriceUpdate,0,1,1569913195321788171,[1,{14,1110491,85.29,24707,3206,2}]
33020,PriceUpdate,0,1,1569913195771806596,[1,{14,1110491,85.33,23010,534,2}]
33041,PriceUpdate,0,1,1569913195821809039,[1,{14,1110491,85.24,24707,222,2}]
33053,PriceUpdate,0,1,1569913195871810907,[1,{14,1110491,85.24,24704,225,2}]
33085,PriceUpdate,0,1,1569913196021815719,[1,{14,1110491,85.24,24929,1647,1}]
33098,PriceUpdate,0,1,1569913196071816774,[1,{14,1110491,85.24,24929,1696,1}]
33119,PriceUpdate,0,1,1569913196271874930,[1,{14,1110491,85.19,24753,519,2}]
33129,PriceUpdate,0,1,1569913196321875658,[1,{14,1110491,85.2,25417,19,2}]
33152,PriceUpdate,0,1,1569913196421882278,[1,{14,1110491,85.2,25436,1650,1}]
33157,PriceUpdate,0,1,1569913196471884332,[1,{14,1110491,85.2,25436,1696,1}]
33236,PriceUpdate,0,1,1569913196771895232,[1,{14,1110491,85.25,25389,444,2}]
33247,PriceUpdate,0,1,1569913196821896409,[1,{14,1110491,85.25,25833,1253,1}]
33258,PriceUpdate,0,1,1569913196871898925,[1,{14,1110491,85.25,25833,1351,1}]
33263,PriceUpdate,0,1,1569913196921901897,[1,{14,1110491,85.25,25833,1355,1}]
33427,PriceUpdate,0,1,1569913197371915859,[1,{14,1110491,85.25,25833,1648,1}]
33538,PriceUpdate,0,1,1569913197521920083,[1,{14,1110491,85.33,26591,2265,2}]
33585,PriceUpdate,0,1,1569913197571921052,[1,{14,1110491,85.33,26852,2270,2}]
33642,PriceUpdate,0,1,1569913197621921996,[1,{14,1110491,85.33,27154,2150,2}]
33689,PriceUpdate,0,1,1569913197721925428,[1,{14,1110491,85.33,29138,307,2}]
33709,PriceUpdate,0,1,1569913197771926282,[1,{14,1110491,85.33,29138,2071,2}]
33761,PriceUpdate,0,1,1569913197871928794,[1,{14,1110491,85.33,29138,2172,2}]
33879,PriceUpdate,0,1,1569913197921930980,[1,{14,1110491,85.28,27412,774,2}]
33905,PriceUpdate,0,1,1569913197971932157,[1,{14,1110491,85.28,27412,2283,2}]
33941,PriceUpdate,0,1,1569913198071935693,[1,{14,1110491,85.28,27610,2085,2}]
34004,PriceUpdate,0,1,1569913198271941307,[1,{14,1110491,85.28,27396,214,1}]
34009,PriceUpdate,0,1,1569913198321942853,[1,{14,1110491,85.28,27396,312,1}]
34521,PriceUpdate,0,1,1569913199121961665,[1,{14,1110491,85.28,27502,206,1}]
34594,PriceUpdate,0,1,1569913199521973919,[1,{14,1110491,85.28,27502,209,1}]
34725,PriceUpdate,0,1,1569913199871983500,[1,{14,1110491,85.28,27502,650,1}]
34851,PriceUpdate,0,1,1569913199921984444,[1,{14,1110491,85.3,28059,57,2}]
34986,PriceUpdate,0,1,1569913199971986306,[1,{14,1110491,85.3,28259,965,1}]
35152,PriceUpdate,0,1,1569913200021987425,[1,{14,1110491,85.3,29582,989,1}]
35356,PriceUpdate,0,1,1569913200071990519,[1,{14,1110491,85.3,30084,487,1}]
35881,PriceUpdate,0,1,1569913200271997389,[1,{14,1110491,85.28,30669,82,2}]
35979,PriceUpdate,0,1,1569913200321999666,[1,{14,1110491,85.28,30499,252,2}]
36023,PriceUpdate,0,1,1569913200372001340,[1,{14,1110491,85.28,30499,437,2}]
36223,PriceUpdate,0,1,1569913200622007841,[1,{14,1110491,85.28,30936,1029,1}]
36288,PriceUpdate,0,1,1569913200672008567,[1,{14,1110491,85.28,30936,1127,1}]
36656,PriceUpdate,0,1,1569913200872012190,[1,{14,1110491,85.28,30936,1132,1}]
36673,PriceUpdate,0,1,1569913200972016173,[1,{14,1110491,85.3,31396,154,2}]
36866,PriceUpdate,0,1,1569913201172022310,[1,{14,1110491,85.33,32063,1896,2}]
36934,PriceUpdate,0,1,1569913201322026515,[1,{14,1110491,85.33,32424,1535,2}]
36948,PriceUpdate,0,1,1569913201372028183,[1,{14,1110491,85.33,32922,1037,2}]
36971,PriceUpdate,0,1,1569913201422030040,[1,{14,1110491,85.33,32922,1561,2}]
36996,PriceUpdate,0,1,1569913201472031008,[1,{14,1110491,85.33,32922,1778,2}]
37601,PriceUpdate,0,1,1569913202722070716,[1,{14,1110491,85.33,32963,1737,2}]
37820,PriceUpdate,0,1,1569913203372092508,[1,{14,1110491,85.33,32966,1734,2}]
37944,PriceUpdate,0,1,1569913203772105987,[1,{14,1110491,85.33,32675,2025,2}]
38143,PriceUpdate,0,1,1569913204072111176,[1,{14,1110491,85.3,31895,297,2}]
38165,PriceUpdate,0,1,1569913204122112079,[1,{14,1110491,85.3,31895,125,2}]
38339,PriceUpdate,0,1,1569913204374114407,[1,{14,1110491,85.3,32020,203,1}]
38347,PriceUpdate,0,1,1569913204424115533,[1,{14,1110491,85.3,32020,301,1}]
38834,PriceUpdate,0,1,1569913205174164076,[1,{14,1110491,85.3,32020,224,1}]
38975,PriceUpdate,0,1,1569913205274172789,[1,{14,1110491,85.33,32106,2323,2}]
39122,PriceUpdate,0,1,1569913205374178268,[1,{14,1110491,85.33,32604,1825,2}]
39144,PriceUpdate,0,1,1569913205424180855,[1,{14,1110491,85.33,32604,1923,2}]
39155,PriceUpdate,0,1,1569913205474189488,[1,{14,1110491,85.33,32604,3127,2}]
39187,PriceUpdate,0,1,1569913205574198510,[1,{14,1110491,85.33,32146,3585,2}]
39654,PriceUpdate,0,1,1569913205624203626,[1,{14,1110491,85.33,32146,3487,2}]
39665,PriceUpdate,0,1,1569913205674205310,[1,{14,1110491,85.33,32146,3585,2}]
39685,PriceUpdate,0,1,1569913205774210603,[1,{14,1110491,85.33,32146,3487,2}]
39705,PriceUpdate,0,1,1569913205824212074,[1,{14,1110491,85.33,32146,3589,2}]
39763,PriceUpdate,0,1,1569913205874216471,[1,{14,1110491,85.3,31579,441,2}]
39864,PriceUpdate,0,1,1569913206174228259,[1,{14,1110491,85.28,31251,155,2}]
39896,PriceUpdate,0,1,1569913206324232462,[1,{14,1110491,85.28,31195,211,2}]
39951,PriceUpdate,0,1,1569913206474244942,[1,{14,1110491,85.28,31406,223,1}]
39957,PriceUpdate,0,1,1569913206524250393,[1,{14,1110491,85.28,31406,321,1}]
39969,PriceUpdate,0,1,1569913206574251586,[1,{14,1110491,85.28,31311,416,1}]
40127,PriceUpdate,0,1,1569913206774260659,[1,{14,1110491,85.28,31136,175,2}]
40143,PriceUpdate,0,1,1569913206824263659,[1,{14,1110491,85.28,31038,273,2}]
40457,PriceUpdate,0,1,1569913206924284862,[1,{14,1110491,85.28,31035,276,2}]
40519,PriceUpdate,0,1,1569913207024292258,[1,{14,1110491,85.28,31049,262,2}]
40549,PriceUpdate,0,1,1569913207074299230,[1,{14,1110491,85.28,30608,703,2}]
40697,PriceUpdate,0,1,1569913207374322948,[1,{14,1110491,85.28,30174,1137,2}]
40708,PriceUpdate,0,1,1569913207424324315,[1,{14,1110491,85.28,30174,965,2}]
40713,PriceUpdate,0,1,1569913207474327027,[1,{14,1110491,85.28,30091,1048,2}]
41102,PriceUpdate,0,1,1569913208124377625,[1,{14,1110491,85.28,30097,1042,2}]
42672,PriceUpdate,0,1,1569913209724461980,[1,{14,1110491,85.25,28765,945,2}]
42688,PriceUpdate,0,1,1569913209774464426,[1,{14,1110491,85.4,28041,658,2}]
42804,PriceUpdate,0,1,1569913209824467851,[1,{14,1110491,85.2,29045,16,2}]
42869,PriceUpdate,0,1,1569913209924472659,[1,{14,1110491,85.25,29045,382,2}]
42890,PriceUpdate,0,1,1569913209974473850,[1,{14,1110491,85.2,28832,11,2}]
43060,PriceUpdate,0,1,1569913210174483488,[1,{14,1110491,85.2,28843,1243,1}]
43092,PriceUpdate,0,1,1569913210224487347,[1,{14,1110491,85.2,28843,1286,1}]
43101,PriceUpdate,0,1,1569913210274489092,[1,{14,1110491,85.33,27139,622,2}]
43118,PriceUpdate,0,1,1569913210324492246,[1,{14,1110491,85.28,28741,1123,2}]
43183,PriceUpdate,0,1,1569913210374493110,[1,{14,1110491,85.25,28325,110,2}]
43703,PriceUpdate,0,1,1569913211924550098,[1,{14,1110491,85.25,28237,198,2}]
43870,PriceUpdate,0,1,1569913212124554682,[1,{14,1110491,85.25,28196,239,2}]
46266,PriceUpdate,0,1,1569913218178966266,[1,{26,1110491,85.25,28196,239,2}]
5991549,PriceUpdate,0,1,1569943800101021257,[1,{14,1110491,86,119356,56976,2}]
5991911,PriceUpdate,0,1,1569943800151024589,[1,{14,1110491,86,119356,57459,2}]
5992179,PriceUpdate,0,1,1569943800201113609,[1,{14,1110491,86,119356,57524,2}]
5992515,PriceUpdate,0,1,1569943800251116573,[1,{14,1110491,86,119356,58050,2}]
5992952,PriceUpdate,0,1,1569943800351187208,[1,{14,1110491,86,119356,57950,2}]
5993120,PriceUpdate,0,1,1569943800401191392,[1,{14,1110491,86,122182,63665,2}]
5993400,PriceUpdate,0,1,1569943800551200389,[1,{14,1110491,86,125068,60737,2}]
5993493,PriceUpdate,0,1,1569943800601209092,[1,{14,1110491,86,125109,60765,2}]
5994708,PriceUpdate,0,1,1569943801151348274,[1,{14,1110491,86,125109,60865,2}]
5994761,PriceUpdate,0,1,1569943801201353729,[1,{14,1110491,86,126556,59018,2}]
5994814,PriceUpdate,0,1,1569943801251355754,[1,{14,1110491,86,126556,59090,2}]
5994896,PriceUpdate,0,1,1569943801301435113,[1,{14,1110491,86,126556,59490,2}]
5994921,PriceUpdate,0,1,1569943801351439782,[1,{14,1110491,86,126576,59470,2}]
5995134,PriceUpdate,0,1,1569943801651865868,[1,{14,1110491,86,126576,59268,2}]
5995181,PriceUpdate,0,1,1569943801751942930,[1,{14,1110491,86,126576,57528,2}]
5995350,PriceUpdate,0,1,1569943801901951302,[1,{14,1110491,86,126576,57373,2}]
5995479,PriceUpdate,0,1,1569943801951959383,[1,{14,1110491,86,126576,57438,2}]
5995683,PriceUpdate,0,1,1569943802051962696,[1,{14,1110491,86,127322,55796,2}]
5995861,PriceUpdate,0,1,1569943802101974852,[1,{14,1110491,86,127322,54995,2}]
5995987,PriceUpdate,0,1,1569943802202048456,[1,{14,1110491,86,127322,55095,2}]
5996008,PriceUpdate,0,1,1569943802252050835,[1,{14,1110491,86,127322,55872,2}]
5996111,PriceUpdate,0,1,1569943802602065861,[1,{14,1110491,86,127322,55961,2}]
5996143,PriceUpdate,0,1,1569943802652067271,[1,{14,1110491,86,127322,55639,2}]
5996205,PriceUpdate,0,1,1569943802852075351,[1,{14,1110491,86,127322,44524,2}]
5996455,PriceUpdate,0,1,1569943803002082530,[1,{14,1110491,86,127322,46392,2}]
5996650,PriceUpdate,0,1,1569943803052085504,[1,{14,1110491,86,127322,45452,2}]
5996833,PriceUpdate,0,1,1569943803102088804,[1,{14,1110491,86,127322,44289,2}]
5996901,PriceUpdate,0,1,1569943803152091476,[1,{14,1110491,86,127322,44205,2}]
5996935,PriceUpdate,0,1,1569943803202094526,[1,{14,1110491,86,127322,48148,2}]
5997013,PriceUpdate,0,1,1569943803302098126,[1,{14,1110491,86,127322,49644,2}]
5997263,PriceUpdate,0,1,1569943803702110021,[1,{14,1110491,86,127322,50456,2}]
5997335,PriceUpdate,0,1,1569943803902125616,[1,{14,1110491,86,127322,58662,2}]
5997407,PriceUpdate,0,1,1569943804002130223,[1,{14,1110491,86,127322,25849,2}]
5997546,PriceUpdate,0,1,1569943804052131971,[1,{14,1110491,86,127322,24911,2}]
5997679,PriceUpdate,0,1,1569943804102133435,[1,{14,1110491,86,127322,23772,2}]
5997788,PriceUpdate,0,1,1569943804152135059,[1,{14,1110491,86,127322,22628,2}]
5997851,PriceUpdate,0,1,1569943804352145355,[1,{14,1110491,86,127322,24072,2}]
5998132,PriceUpdate,0,1,1569943805004863397,[1,{14,1110491,86,127322,25514,2}]
5998404,PriceUpdate,0,1,1569943805055259039,[1,{14,1110491,86,158736,4292,2}]
5998496,PriceUpdate,0,1,1569943805105274859,[1,{14,1110491,86,158736,3130,2}]
5998553,PriceUpdate,0,1,1569943805155285866,[1,{14,1110491,86,158736,1667,2}]
5998619,PriceUpdate,0,1,1569943805205303573,[1,{14,1110491,86,158736,170,2}]
5998665,PriceUpdate,0,1,1569943805255385058,[1,{14,1110491,86.15,158649,87,1}]
5998680,PriceUpdate,0,1,1569943805305396514,[1,{14,1110491,86.15,157190,1546,1}]
5998694,PriceUpdate,0,1,1569943805355402127,[1,{14,1110491,86.2,155910,139,2}]
5998705,PriceUpdate,0,1,1569943805455407588,[1,{14,1110491,86.25,155910,251,2}]
5998720,PriceUpdate,0,1,1569943805505408922,[1,{14,1110491,86.23,155910,14,2}]
5998739,PriceUpdate,0,1,1569943805555410807,[1,{14,1110491,86.15,157806,930,1}]
5998752,PriceUpdate,0,1,1569943805605412412,[1,{14,1110491,86.4,160946,1475,2}]
5998952,PriceUpdate,0,1,1569943806155482106,[1,{14,1110491,86.4,160946,1549,2}]
5998961,PriceUpdate,0,1,1569943806205493080,[1,{14,1110491,86.15,161268,2504,1}]
5999093,PriceUpdate,0,1,1569943806555517691,[1,{14,1110491,86.15,161368,2404,1}]
5999221,PriceUpdate,0,1,1569943806805530915,[1,{14,1110491,86,163772,783,2}]
5999442,PriceUpdate,0,1,1569943807205554369,[1,{14,1110491,86,163772,874,2}]
5999516,PriceUpdate,0,1,1569943807405647693,[1,{14,1110491,86,163772,3089,2}]
5999565,PriceUpdate,0,1,1569943807605669741,[1,{14,1110491,86,163772,6273,2}]
5999837,PriceUpdate,0,1,1569943808305764946,[1,{14,1110491,86,163772,9356,2}]
5999921,PriceUpdate,0,1,1569943808355788756,[1,{14,1110491,86,163772,9856,2}]
6000072,PriceUpdate,0,1,1569943808655817508,[1,{14,1110491,86,163772,10156,2}]
6000122,PriceUpdate,0,1,1569943808905829403,[1,{14,1110491,86,163772,13975,2}]
6000192,PriceUpdate,0,1,1569943809055837716,[1,{14,1110491,86,164972,12775,2}]
6000519,PriceUpdate,0,1,1569943809805931398,[1,{14,1110491,86,164972,12675,2}]
6000552,PriceUpdate,0,1,1569943809905934944,[1,{14,1110491,86,164972,12775,2}]
6000566,PriceUpdate,0,1,1569943809955935935,[1,{14,1110491,86,164972,16254,2}]
6000925,PriceUpdate,0,1,1569943810014802279,[1,{14,1110491,86,164972,17533,2}]
6000957,PriceUpdate,0,1,1569943810064823937,[1,{14,1110491,86,164972,17603,2}]
6000987,PriceUpdate,0,1,1569943810164850005,[1,{14,1110491,86,164972,17691,2}]
6001042,PriceUpdate,0,1,1569943810314875692,[1,{14,1110491,86,165384,19938,2}]
6001115,PriceUpdate,0,1,1569943810364877730,[1,{14,1110491,86,165384,28125,2}]
6001749,PriceUpdate,0,1,1569943811126761049,[1,{14,1110491,86,165384,31367,2}]
6001763,PriceUpdate,0,1,1569943811176761899,[1,{14,1110491,86,165384,31167,2}]
6001895,PriceUpdate,0,1,1569943811526899725,[1,{14,1110491,86,165384,29992,2}]
6002018,PriceUpdate,0,1,1569943811926930231,[1,{14,1110491,86,165384,30392,2}]
6002576,PriceUpdate,0,1,1569943812184979765,[1,{14,1110491,86,165384,30451,2}]
6002614,PriceUpdate,0,1,1569943812234980603,[1,{14,1110491,86,165384,31795,2}]
6002769,PriceUpdate,0,1,1569943812584996218,[1,{14,1110491,86,165384,32863,2}]
6002823,PriceUpdate,0,1,1569943812634999115,[1,{14,1110491,86,165384,42923,2}]
6002948,PriceUpdate,0,1,1569943812835090288,[1,{14,1110491,86,165384,58894,2}]
6003015,PriceUpdate,0,1,1569943813035106357,[1,{14,1110491,86,165780,58498,2}]
6003314,PriceUpdate,0,1,1569943813185137902,[1,{14,1110491,86,165780,68557,2}]
6003365,PriceUpdate,0,1,1569943813285143244,[1,{14,1110491,86,165780,68830,2}]
6003467,PriceUpdate,0,1,1569943813385147579,[1,{14,1110491,85.71,165903,563,2}]
6003627,PriceUpdate,0,1,1569943813885165007,[1,{14,1110491,85.32,171915,11151,1}]
6003829,PriceUpdate,0,1,1569943814285177364,[1,{14,1110491,85.32,172215,10851,1}]
6003868,PriceUpdate,0,1,1569943814435183223,[1,{14,1110491,85.32,182274,792,1}]
6003969,PriceUpdate,0,1,1569943814785200062,[1,{14,1110491,85.32,182274,926,1}]
6004072,PriceUpdate,0,1,1569943815085207922,[1,{14,1110491,84.55,183979,1361,1}]
6004104,PriceUpdate,0,1,1569943815135208684,[1,{14,1110491,84.55,183979,1271,1}]
6004164,PriceUpdate,0,1,1569943815285214809,[1,{14,1110491,84.9,184038,47,1}]
6004286,PriceUpdate,0,1,1569943815435226473,[1,{14,1110491,84.43,194012,2471,1}]
6004321,PriceUpdate,0,1,1569943815585233083,[1,{14,1110491,84.43,195904,579,1}]
6004413,PriceUpdate,0,1,1569943815685283515,[1,{14,1110491,84.22,200917,884,2}]
6004447,PriceUpdate,0,1,1569943815735285109,[1,{14,1110491,84.22,200917,1215,2}]
6004582,PriceUpdate,0,1,1569943815985299394,[1,{14,1110491,84.22,201174,958,2}]
6004613,PriceUpdate,0,1,1569943816035302199,[1,{14,1110491,84.12,205536,7698,2}]
6004667,PriceUpdate,0,1,1569943816085303285,[1,{14,1110491,83.95,209452,163,2}]
6004733,PriceUpdate,0,1,1569943816185307191,[1,{14,1110491,83.99,211867,3100,2}]
6004957,PriceUpdate,0,1,1569943816735335856,[1,{14,1110491,83.99,211867,4310,2}]
6005037,PriceUpdate,0,1,1569943816935346594,[1,{14,1110491,83.99,212764,3413,2}]
6005121,PriceUpdate,0,1,1569943817285385083,[1,{14,1110491,83.99,212944,3393,2}]
6005169,PriceUpdate,0,1,1569943817485398654,[1,{14,1110491,83.99,213594,2743,2}]
6005371,PriceUpdate,0,1,1569943817885442080,[1,{14,1110491,83.94,213594,3688,2}]
6005470,PriceUpdate,0,1,1569943818285462065,[1,{14,1110491,83.94,214579,2703,2}]
6005486,PriceUpdate,0,1,1569943818335466139,[1,{14,1110491,83.94,214579,3289,2}]
6005602,PriceUpdate,0,1,1569943818535475120,[1,{14,1110491,83.53,227079,1133,1}]
6005638,PriceUpdate,0,1,1569943818585477342,[1,{14,1110491,83.53,227079,1043,1}]
6005652,PriceUpdate,0,1,1569943818635480814,[1,{14,1110491,83.42,234747,3241,1}]
6005703,PriceUpdate,0,1,1569943818885486484,[1,{14,1110491,83.42,234747,3141,1}]
6005714,PriceUpdate,0,1,1569943818935487566,[1,{14,1110491,83.42,234747,3241,1}]
6005776,PriceUpdate,0,1,1569943819085493349,[1,{14,1110491,83.42,234747,3268,1}]
6005860,PriceUpdate,0,1,1569943819285500552,[1,{14,1110491,83.33,244806,1166,1}]
6005926,PriceUpdate,0,1,1569943819335504019,[1,{14,1110491,83.41,244806,963,1}]
6006002,PriceUpdate,0,1,1569943819485508475,[1,{14,1110491,83.41,244823,946,1}]
6006026,PriceUpdate,0,1,1569943819635513296,[1,{14,1110491,83.41,244823,846,1}]
6006036,PriceUpdate,0,1,1569943819685514174,[1,{14,1110491,83.41,244823,946,1}]
6006061,PriceUpdate,0,1,1569943819785518106,[1,{14,1110491,83.48,234764,1245,1}]
6006107,PriceUpdate,0,1,1569943819885587056,[1,{14,1110491,83.45,236039,259,1}]
6006197,PriceUpdate,0,1,1569943820235603911,[1,{14,1110491,83.43,236606,1409,1}]
6006243,PriceUpdate,0,1,1569943820285606213,[1,{14,1110491,83.48,236606,1155,1}]
6006274,PriceUpdate,0,1,1569943820335611407,[1,{14,1110491,83.42,241879,1354,1}]
6006353,PriceUpdate,0,1,1569943820385647475,[1,{14,1110491,83.87,247902,166,2}]
6006651,PriceUpdate,0,1,1569943821035682390,[1,{14,1110491,83.94,261133,940,2}]
6006756,PriceUpdate,0,1,1569943821535705951,[1,{14,1110491,83.94,261374,699,2}]
6006767,PriceUpdate,0,1,1569943821635707545,[1,{14,1110491,83.94,261374,857,2}]
6006793,PriceUpdate,0,1,1569943821885715738,[1,{14,1110491,83.94,261374,1056,2}]
6006828,PriceUpdate,0,1,1569943822035722119,[1,{14,1110491,84.06,273598,798,1}]
6006876,PriceUpdate,0,1,1569943822385732968,[1,{14,1110491,84.06,273702,694,1}]
6007097,PriceUpdate,0,1,1569943823035754402,[1,{14,1110491,84.06,273899,497,1}]
6007128,PriceUpdate,0,1,1569943823185758465,[1,{14,1110491,83.99,277140,1287,2}]
6007158,PriceUpdate,0,1,1569943823335766898,[1,{14,1110491,83.99,277140,1322,2}]
6007257,PriceUpdate,0,1,1569943823635774688,[1,{14,1110491,83.94,277140,2266,2}]
6007396,PriceUpdate,0,1,1569943824185827079,[1,{14,1110491,83.94,277140,492,2}]
6007423,PriceUpdate,0,1,1569943824235830844,[1,{14,1110491,83.88,279424,251,1}]
6007460,PriceUpdate,0,1,1569943824285831569,[1,{14,1110491,83.88,279424,651,1}]
6007506,PriceUpdate,0,1,1569943824385835189,[1,{14,1110491,83.93,279686,779,1}]
6007581,PriceUpdate,0,1,1569943824735850993,[1,{14,1110491,83.93,280117,348,1}]
6007650,PriceUpdate,0,1,1569943824985861438,[1,{14,1110491,83.84,283020,59,1}]
6007661,PriceUpdate,0,1,1569943825035864400,[1,{14,1110491,83.8,283875,269,1}]
6007668,PriceUpdate,0,1,1569943825085866552,[1,{14,1110491,83.8,283928,216,1}]
6007672,PriceUpdate,0,1,1569943825135921907,[1,{14,1110491,83.8,283928,353,1}]
6007719,PriceUpdate,0,1,1569943825385929941,[1,{14,1110491,83.71,285613,702,1}]
6007769,PriceUpdate,0,1,1569943825635947420,[1,{14,1110491,83.71,285613,827,1}]
6007802,PriceUpdate,0,1,1569943825935955820,[1,{14,1110491,83.71,285613,841,1}]
6007878,PriceUpdate,0,1,1569943826285969817,[1,{14,1110491,83.53,294227,356,1}]
6007892,PriceUpdate,0,1,1569943826335972333,[1,{14,1110491,83.53,294227,452,1}]
6007979,PriceUpdate,0,1,1569943826835993010,[1,{14,1110491,83.69,295423,250,2}]
6008119,PriceUpdate,0,1,1569943827786027892,[1,{14,1110491,83.67,295658,554,1}]
6008136,PriceUpdate,0,1,1569943827886035742,[1,{14,1110491,83.67,295658,778,1}]
6008159,PriceUpdate,0,1,1569943827936038561,[1,{14,1110491,83.86,299390,1449,2}]
6008189,PriceUpdate,0,1,1569943828086041428,[1,{14,1110491,83.86,299484,1355,2}]
6008205,PriceUpdate,0,1,1569943828136044163,[1,{14,1110491,83.86,299484,1655,2}]
6008260,PriceUpdate,0,1,1569943828586058172,[1,{14,1110491,83.86,299484,2205,2}]
6008391,PriceUpdate,0,1,1569943829536082997,[1,{14,1110491,83.86,299484,4003,2}]
6008429,PriceUpdate,0,1,1569943829736087071,[1,{14,1110491,83.48,316042,1138,1}]
6008445,PriceUpdate,0,1,1569943829836090849,[1,{14,1110491,83.48,316042,1038,1}]
6008488,PriceUpdate,0,1,1569943830036097206,[1,{14,1110491,83.23,338645,1907,1}]
6008572,PriceUpdate,0,1,1569943830086099004,[1,{14,1110491,83.23,338645,1645,1}]
6008716,PriceUpdate,0,1,1569943830186104660,[1,{14,1110491,83.31,338749,4883,1}]
6008792,PriceUpdate,0,1,1569943830236106808,[1,{14,1110491,83.31,338749,4611,1}]
6008847,PriceUpdate,0,1,1569943830286109525,[1,{14,1110491,83.71,340595,418,1}]
6008923,PriceUpdate,0,1,1569943830386113026,[1,{14,1110491,83.71,340495,518,1}]
6008945,PriceUpdate,0,1,1569943830436114368,[1,{14,1110491,83.7,341062,838,1}]
6009033,PriceUpdate,0,1,1569943830586116522,[1,{14,1110491,83.86,345743,571,1}]
6009067,PriceUpdate,0,1,1569943830836125792,[1,{14,1110491,83.86,346314,2318,2}]
6009265,PriceUpdate,0,1,1569943831236218486,[1,{14,1110491,83.75,348551,260,1}]
6009312,PriceUpdate,0,1,1569943831386223254,[1,{14,1110491,83.86,353232,1068,1}]
6009338,PriceUpdate,0,1,1569943831536227439,[1,{14,1110491,83.88,353859,3136,2}]
6009345,PriceUpdate,0,1,1569943831586228101,[1,{14,1110491,83.88,353909,3086,2}]
6009433,PriceUpdate,0,1,1569943832236250905,[1,{14,1110491,83.88,353909,3186,2}]
6009460,PriceUpdate,0,1,1569943832436260793,[1,{14,1110491,83.94,359360,5941,2}]
6009515,PriceUpdate,0,1,1569943832686267474,[1,{14,1110491,83.95,367346,1718,2}]
6009560,PriceUpdate,0,1,1569943833336288759,[1,{14,1110491,83.95,367346,1748,2}]
6009574,PriceUpdate,0,1,1569943833486295217,[1,{14,1110491,83.95,367346,1648,2}]
6009614,PriceUpdate,0,1,1569943833836307342,[1,{14,1110491,83.95,367898,1096,2}]
6009644,PriceUpdate,0,1,1569943834136315323,[1,{14,1110491,83.94,367898,335,2}]
6009664,PriceUpdate,0,1,1569943834286320789,[1,{14,1110491,83.94,367898,235,2}]
6009676,PriceUpdate,0,1,1569943834386323013,[1,{14,1110491,83.94,367898,35,2}]
6009684,PriceUpdate,0,1,1569943834436324086,[1,{14,1110491,83.94,367898,135,2}]
6009932,PriceUpdate,0,1,1569943836086371784,[1,{14,1110491,83.94,367898,495,2}]
6009974,PriceUpdate,0,1,1569943836286379557,[1,{14,1110491,84.05,377232,626,1}]
6009999,PriceUpdate,0,1,1569943836386383752,[1,{14,1110491,84.05,377132,726,1}]
6010012,PriceUpdate,0,1,1569943836436385624,[1,{14,1110491,84.05,377232,626,1}]
6010211,PriceUpdate,0,1,1569943837486420185,[1,{14,1110491,84.06,377232,1167,1}]
6010215,PriceUpdate,0,1,1569943837536422706,[1,{14,1110491,84.06,377232,1170,1}]
6010347,PriceUpdate,0,1,1569943837986436607,[1,{14,1110491,84.06,377235,1167,1}]
6010364,PriceUpdate,0,1,1569943838036437836,[1,{14,1110491,83.99,381146,1015,2}]
6010467,PriceUpdate,0,1,1569943838686472326,[1,{14,1110491,83.99,381146,4097,2}]
6010651,PriceUpdate,0,1,1569943839036571309,[1,{14,1110491,83.94,381146,5322,2}]
6010777,PriceUpdate,0,1,1569943839736606576,[1,{14,1110491,83.94,384309,2159,2}]
6010803,PriceUpdate,0,1,1569943839886610480,[1,{14,1110491,83.94,384309,2359,2}]
6010875,PriceUpdate,0,1,1569943840386628433,[1,{14,1110491,83.94,384309,2626,2}]
6010937,PriceUpdate,0,1,1569943840736641304,[1,{14,1110491,83.94,384309,2826,2}]
6010949,PriceUpdate,0,1,1569943840836644880,[1,{14,1110491,83.95,387472,3426,2}]
6010973,PriceUpdate,0,1,1569943840886648230,[1,{14,1110491,83.95,387579,3319,2}]
6010986,PriceUpdate,0,1,1569943840936651973,[1,{14,1110491,83.95,387579,3419,2}]
6010993,PriceUpdate,0,1,1569943840986701175,[1,{14,1110491,83.94,387579,8059,2}]
6011077,PriceUpdate,0,1,1569943841236714541,[1,{14,1110491,83.88,387432,628,1}]
6011095,PriceUpdate,0,1,1569943841286716890,[1,{14,1110491,83.88,387432,703,1}]
6011257,PriceUpdate,0,1,1569943841886738612,[1,{14,1110491,83.94,385600,7036,2}]
6011398,PriceUpdate,0,1,1569943842686889867,[1,{14,1110491,83.88,388135,543,2}]
6011409,PriceUpdate,0,1,1569943842736905530,[1,{14,1110491,83.88,388135,343,2}]
6011422,PriceUpdate,0,1,1569943842836907918,[1,{14,1110491,83.88,388135,543,2}]
6011488,PriceUpdate,0,1,1569943843236915187,[1,{14,1110491,84.03,405723,3525,1}]
6011517,PriceUpdate,0,1,1569943843336918830,[1,{14,1110491,84.03,407423,1825,1}]
6011713,PriceUpdate,0,1,1569943844636948882,[1,{14,1110491,84.03,407423,8339,1}]
6011764,PriceUpdate,0,1,1569943844836952009,[1,{14,1110491,83.95,417647,2147,2}]
6011786,PriceUpdate,0,1,1569943844936955518,[1,{14,1110491,83.95,417647,2244,2}]
6011988,PriceUpdate,0,1,1569943845337026792,[1,{14,1110491,84.03,424967,2033,1}]
6012041,PriceUpdate,0,1,1569943845487031569,[1,{14,1110491,84.03,425156,1844,1}]
6012100,PriceUpdate,0,1,1569943845837043507,[1,{14,1110491,83.88,431420,2713,2}]
6012301,PriceUpdate,0,1,1569943846187056873,[1,{14,1110491,83.88,431409,2724,2}]
6012339,PriceUpdate,0,1,1569943846237057662,[1,{14,1110491,83.53,446066,2556,1}]
6012426,PriceUpdate,0,1,1569943846337060851,[1,{14,1110491,83.42,456126,1796,1}]
6012485,PriceUpdate,0,1,1569943846437063302,[1,{14,1110491,83.42,457325,597,1}]
6012584,PriceUpdate,0,1,1569943846687066832,[1,{14,1110491,82.82,509915,12421,2}]
6012611,PriceUpdate,0,1,1569943846737069291,[1,{14,1110491,82.82,509825,12511,2}]
6012635,PriceUpdate,0,1,1569943846787072547,[1,{14,1110491,82.82,509825,16533,2}]
6012899,PriceUpdate,0,1,1569943847287152092,[1,{14,1110491,82.79,513131,12775,2}]
6012928,PriceUpdate,0,1,1569943847387154870,[1,{14,1110491,82.79,513031,12875,2}]
6012939,PriceUpdate,0,1,1569943847437155968,[1,{14,1110491,82.79,513131,12775,2}]
6012966,PriceUpdate,0,1,1569943847537158743,[1,{14,1110491,82.79,513219,12687,2}]
6012996,PriceUpdate,0,1,1569943847637161045,[1,{14,1110491,82.79,513219,14621,2}]
6013009,PriceUpdate,0,1,1569943847687161808,[1,{14,1110491,82.79,513895,13945,2}]
6013173,PriceUpdate,0,1,1569943848037208428,[1,{14,1110491,82.79,513895,14012,2}]
6013286,PriceUpdate,0,1,1569943848537218808,[1,{14,1110491,82.79,513895,14132,2}]
6013308,PriceUpdate,0,1,1569943848637222689,[1,{14,1110491,82.79,513895,14309,2}]
6013413,PriceUpdate,0,1,1569943849087262229,[1,{14,1110491,82.79,513795,14409,2}]
6013435,PriceUpdate,0,1,1569943849137263716,[1,{14,1110491,82.79,513995,14209,2}]
6013478,PriceUpdate,0,1,1569943849387269685,[1,{14,1110491,82.79,513995,16459,2}]
6013576,PriceUpdate,0,1,1569943849687277043,[1,{14,1110491,82.4,520732,20621,2}]
6013657,PriceUpdate,0,1,1569943850187292048,[1,{14,1110491,82.4,521206,20147,2}]
6013737,PriceUpdate,0,1,1569943850637299951,[1,{14,1110491,82.4,521106,26694,2}]
6013770,PriceUpdate,0,1,1569943850737303398,[1,{14,1110491,82.4,529092,18708,2}]
6013805,PriceUpdate,0,1,1569943850837307534,[1,{14,1110491,82.4,529092,19107,2}]
6013828,PriceUpdate,0,1,1569943850887309965,[1,{14,1110491,82.4,537078,11121,2}]
6013877,PriceUpdate,0,1,1569943851037313836,[1,{14,1110491,82.4,545064,3135,2}]
6013899,PriceUpdate,0,1,1569943851137316623,[1,{14,1110491,82.4,545064,3284,2}]
6013930,PriceUpdate,0,1,1569943851287323194,[1,{14,1110491,82.4,545064,67320,2}]
6013941,PriceUpdate,0,1,1569943851337325185,[1,{14,1110491,82.4,545064,68292,2}]
6014023,PriceUpdate,0,1,1569943851537331668,[1,{14,1110491,82.4,545560,67796,2}]
6014102,PriceUpdate,0,1,1569943851937343233,[1,{14,1110491,82.4,547184,66172,2}]
6014141,PriceUpdate,0,1,1569943852137348149,[1,{14,1110491,82.4,547184,66606,2}]
6014156,PriceUpdate,0,1,1569943852187350022,[1,{14,1110491,82.4,547184,72457,2}]
6014189,PriceUpdate,0,1,1569943852337354388,[1,{14,1110491,82.4,555992,63649,2}]
6014222,PriceUpdate,0,1,1569943852437358882,[1,{14,1110491,82.4,555992,70467,2}]
6014238,PriceUpdate,0,1,1569943852487359940,[1,{14,1110491,82.4,563978,62481,2}]
6014447,PriceUpdate,0,1,1569943853687419765,[1,{14,1110491,82.4,563991,62468,2}]
6014472,PriceUpdate,0,1,1569943853787422111,[1,{14,1110491,82.4,563992,62467,2}]
6014487,PriceUpdate,0,1,1569943853887425751,[1,{14,1110491,82.4,563892,62567,2}]
6014507,PriceUpdate,0,1,1569943853937428447,[1,{14,1110491,82.4,564092,62367,2}]
6014544,PriceUpdate,0,1,1569943854037430984,[1,{14,1110491,82.4,564392,62067,2}]
6014561,PriceUpdate,0,1,1569943854137433137,[1,{14,1110491,82.4,564392,63075,2}]
6014575,PriceUpdate,0,1,1569943854187434360,[1,{14,1110491,82.4,565605,61862,2}]
6014598,PriceUpdate,0,1,1569943854287435962,[1,{14,1110491,82.4,578142,49325,2}]
6014680,PriceUpdate,0,1,1569943854637450560,[1,{14,1110491,82.4,586128,43013,2}]
6014748,PriceUpdate,0,1,1569943854837455368,[1,{14,1110491,82.4,587248,41893,2}]
6014807,PriceUpdate,0,1,1569943855037463571,[1,{14,1110491,82.4,587248,31833,2}]
6014837,PriceUpdate,0,1,1569943855187469564,[1,{14,1110491,82.4,587248,31839,2}]
6014847,PriceUpdate,0,1,1569943855237470662,[1,{14,1110491,82.4,587348,31739,2}]
6014891,PriceUpdate,0,1,1569943856037493134,[1,{14,1110491,82.4,587733,31354,2}]
6014920,PriceUpdate,0,1,1569943856337503105,[1,{14,1110491,82.4,587733,21295,2}]
6015017,PriceUpdate,0,1,1569943856937609415,[1,{14,1110491,82.4,587733,29202,2}]
6015080,PriceUpdate,0,1,1569943857437619478,[1,{14,1110491,82.4,587933,29002,2}]
6015117,PriceUpdate,0,1,1569943857837683052,[1,{14,1110491,82.4,595919,21016,2}]
6015146,PriceUpdate,0,1,1569943857887683854,[1,{14,1110491,82.4,595919,10956,2}]
6015237,PriceUpdate,0,1,1569943858337698634,[1,{14,1110491,82.4,596119,10756,2}]
6015249,PriceUpdate,0,1,1569943858487704591,[1,{14,1110491,82.4,596119,11141,2}]
6015254,PriceUpdate,0,1,1569943858537706215,[1,{14,1110491,82.4,596019,11241,2}]
6015259,PriceUpdate,0,1,1569943858587706861,[1,{14,1110491,82.4,595819,11441,2}]
6015309,PriceUpdate,0,1,1569943859287724198,[1,{14,1110491,82.4,595519,11741,2}]
6015321,PriceUpdate,0,1,1569943859337727230,[1,{14,1110491,82.4,595619,11641,2}]
6015358,PriceUpdate,0,1,1569943859737736346,[1,{14,1110491,82.4,595419,11841,2}]
6015558,PriceUpdate,0,1,1569943860187829947,[1,{14,1110491,82.4,595419,11866,2}]
6015607,PriceUpdate,0,1,1569943860237830974,[1,{14,1110491,82.4,595419,14859,2}]
6015673,PriceUpdate,0,1,1569943860337834822,[1,{14,1110491,83.01,673510,166,1}]
6015699,PriceUpdate,0,1,1569943860387835765,[1,{14,1110491,83.01,673420,256,1}]
6015775,PriceUpdate,0,1,1569943860487839337,[1,{14,1110491,83.01,673420,468,1}]
6015828,PriceUpdate,0,1,1569943860587842445,[1,{14,1110491,83.01,673420,268,1}]
6015869,PriceUpdate,0,1,1569943860637843206,[1,{14,1110491,83,674816,628,2}]
6015908,PriceUpdate,0,1,1569943860687844313,[1,{14,1110491,83,675697,647,1}]
6015958,PriceUpdate,0,1,1569943860787845889,[1,{14,1110491,83.04,681973,9723,2}]
6015996,PriceUpdate,0,1,1569943861087855927,[1,{14,1110491,83.04,681979,9717,2}]
6016038,PriceUpdate,0,1,1569943861337861107,[1,{14,1110491,83.04,681979,12022,2}]
6016060,PriceUpdate,0,1,1569943861437863772,[1,{14,1110491,83.04,681879,12122,2}]
6016104,PriceUpdate,0,1,1569943861537869417,[1,{14,1110491,83.04,681879,2062,2}]
6016152,PriceUpdate,0,1,1569943861937878360,[1,{14,1110491,83.04,682079,1862,2}]
6016168,PriceUpdate,0,1,1569943862487890167,[1,{14,1110491,83.04,682149,1792,2}]
6016175,PriceUpdate,0,1,1569943862537892848,[1,{14,1110491,83.04,682149,8669,2}]
6016208,PriceUpdate,0,1,1569943863087907494,[1,{14,1110491,83.04,681849,8969,2}]
6016216,PriceUpdate,0,1,1569943863137908826,[1,{14,1110491,83.04,682049,8770,2}]
6016298,PriceUpdate,0,1,1569943864037936177,[1,{14,1110491,83.04,688474,2345,2}]
6016392,PriceUpdate,0,1,1569943864387945987,[1,{14,1110491,83.04,688474,12405,2}]
6016522,PriceUpdate,0,1,1569943865237977006,[1,{14,1110491,83.04,688374,12655,2}]
6016550,PriceUpdate,0,1,1569943865487986128,[1,{14,1110491,83.04,688174,12855,2}]
6016559,PriceUpdate,0,1,1569943865537989603,[1,{14,1110491,83.04,688374,12655,2}]
6016605,PriceUpdate,0,1,1569943865787999169,[1,{14,1110491,83.04,688374,12917,2}]
6016632,PriceUpdate,0,1,1569943865988005762,[1,{14,1110491,83.04,688374,14684,2}]
6016655,PriceUpdate,0,1,1569943866088007602,[1,{14,1110491,83.04,696360,6698,2}]
6016659,PriceUpdate,0,1,1569943866138009555,[1,{14,1110491,83.2,703058,5550,1}]
6016688,PriceUpdate,0,1,1569943866238013188,[1,{14,1110491,83.2,703201,5407,1}]
6016700,PriceUpdate,0,1,1569943866338018132,[1,{14,1110491,83.2,703201,5413,1}]
6016744,PriceUpdate,0,1,1569943866438022466,[1,{14,1110491,83.33,703305,1380,1}]
6016809,PriceUpdate,0,1,1569943866688030494,[1,{14,1110491,83.41,703305,216,1}]
6016864,PriceUpdate,0,1,1569943866838034281,[1,{14,1110491,83.42,703305,2197,1}]
6016911,PriceUpdate,0,1,1569943866938037873,[1,{14,1110491,83.42,703305,2297,1}]
6016980,PriceUpdate,0,1,1569943867138043049,[1,{14,1110491,83.34,712709,28,1}]
6017079,PriceUpdate,0,1,1569943867488053053,[1,{14,1110491,83.33,713578,578,1}]
6017110,PriceUpdate,0,1,1569943867788059815,[1,{14,1110491,83.31,718473,1678,1}]
6017185,PriceUpdate,0,1,1569943868188072002,[1,{14,1110491,83.41,718473,1120,1}]
6017327,PriceUpdate,0,1,1569943869088097927,[1,{14,1110491,83.23,731933,848,1}]
6017365,PriceUpdate,0,1,1569943869188100363,[1,{14,1110491,83.23,731933,748,1}]
6017391,PriceUpdate,0,1,1569943869688113220,[1,{14,1110491,83.23,731933,848,1}]
6017407,PriceUpdate,0,1,1569943869888117589,[1,{14,1110491,83.23,731933,1886,1}]
6017413,PriceUpdate,0,1,1569943870038120513,[1,{14,1110491,83.31,732037,5518,1}]
6017458,PriceUpdate,0,1,1569943871088150530,[1,{14,1110491,83.31,732037,5531,1}]
6017495,PriceUpdate,0,1,1569943871688165481,[1,{14,1110491,83.1,758420,6527,1}]
6017587,PriceUpdate,0,1,1569943873538215921,[1,{14,1110491,83.1,759020,5927,1}]
6017606,PriceUpdate,0,1,1569943873688218675,[1,{14,1110491,83.2,759020,234,1}]
6017623,PriceUpdate,0,1,1569943873888223573,[1,{14,1110491,83.31,759124,2196,1}]
6017654,PriceUpdate,0,1,1569943873938225480,[1,{14,1110491,83.42,759124,3413,1}]
6017674,PriceUpdate,0,1,1569943874738250559,[1,{14,1110491,83.45,760083,38273,2}]
6017757,PriceUpdate,0,1,1569943876188299246,[1,{14,1110491,83.45,760313,38043,2}]
6017812,PriceUpdate,0,1,1569943876638310965,[1,{14,1110491,83.45,760740,37616,2}]
6017819,PriceUpdate,0,1,1569943876738312861,[1,{14,1110491,83.45,760740,37621,2}]
6017832,PriceUpdate,0,1,1569943877038319320,[1,{14,1110491,83.45,761836,36976,2}]
6017849,PriceUpdate,0,1,1569943877238327753,[1,{14,1110491,83.42,763815,1487,1}]
6017861,PriceUpdate,0,1,1569943877288328842,[1,{14,1110491,83.42,763815,1087,1}]
6017869,PriceUpdate,0,1,1569943877338330347,[1,{14,1110491,83.42,763815,1487,1}]
6017874,PriceUpdate,0,1,1569943877388331419,[1,{14,1110491,83.42,763815,1604,1}]
6017916,PriceUpdate,0,1,1569943878088351366,[1,{14,1110491,83.45,761953,30908,2}]
6017994,PriceUpdate,0,1,1569943878938370565,[1,{14,1110491,83.45,763601,29260,2}]
6017999,PriceUpdate,0,1,1569943878988371200,[1,{14,1110491,83.45,763601,29442,2}]
6018045,PriceUpdate,0,1,1569943879938402507,[1,{14,1110491,83.45,763601,31798,2}]
6018098,PriceUpdate,0,1,1569943880488418060,[1,{14,1110491,83.45,763601,34313,2}]
6018164,PriceUpdate,0,1,1569943881138437613,[1,{14,1110491,83.45,763901,34013,2}]
6018170,PriceUpdate,0,1,1569943881188439159,[1,{14,1110491,83.45,763901,34726,2}]
6018197,PriceUpdate,0,1,1569943881688452535,[1,{14,1110491,83.45,764404,34223,2}]
6018213,PriceUpdate,0,1,1569943881988460000,[1,{14,1110491,83.45,764504,34123,2}]
6018221,PriceUpdate,0,1,1569943882188464529,[1,{14,1110491,83.45,764504,34528,2}]
6018265,PriceUpdate,0,1,1569943883138494848,[1,{14,1110491,83.45,764104,34928,2}]
6018316,PriceUpdate,0,1,1569943883588507703,[1,{14,1110491,83.45,764104,37443,2}]
6018336,PriceUpdate,0,1,1569943883688511411,[1,{14,1110491,83.45,764004,37543,2}]
6018342,PriceUpdate,0,1,1569943883738512315,[1,{14,1110491,83.45,764104,37443,2}]
6018384,PriceUpdate,0,1,1569943884238528083,[1,{14,1110491,83.45,764104,37451,2}]
6018403,PriceUpdate,0,1,1569943884488533135,[1,{14,1110491,83.45,764312,37243,2}]
6018725,PriceUpdate,0,1,1569943886438587370,[1,{14,1110491,83.45,765097,36458,2}]
6018743,PriceUpdate,0,1,1569943886538589067,[1,{14,1110491,83.45,765297,36258,2}]
6018824,PriceUpdate,0,1,1569943887038606372,[1,{14,1110491,83.45,765297,36609,2}]
6018976,PriceUpdate,0,1,1569943887988629233,[1,{14,1110491,83.45,771808,30098,2}]
6019148,PriceUpdate,0,1,1569943888988653734,[1,{14,1110491,83.45,771808,30669,2}]
6019282,PriceUpdate,0,1,1569943889788682549,[1,{14,1110491,83.42,773304,1970,1}]
6019367,PriceUpdate,0,1,1569943890288696936,[1,{14,1110491,83.42,773304,1870,1}]
6019479,PriceUpdate,0,1,1569943890788714430,[1,{14,1110491,83.33,783364,264,1}]
6019514,PriceUpdate,0,1,1569943890838716420,[1,{14,1110491,83.33,783364,164,1}]
6019527,PriceUpdate,0,1,1569943890888717955,[1,{14,1110491,83.33,783364,364,1}]
6019658,PriceUpdate,0,1,1569943891688738255,[1,{14,1110491,83.41,783364,1631,1}]
6019949,PriceUpdate,0,1,1569943893538901702,[1,{14,1110491,83.41,783364,2492,1}]
6019990,PriceUpdate,0,1,1569943893938920908,[1,{14,1110491,83.37,786066,649,1}]
6020074,PriceUpdate,0,1,1569943894688959379,[1,{14,1110491,83.37,786066,749,1}]
6020152,PriceUpdate,0,1,1569943895238977559,[1,{14,1110491,83.37,786066,149,1}]
6020160,PriceUpdate,0,1,1569943895288980100,[1,{14,1110491,83.37,786066,749,1}]
6020195,PriceUpdate,0,1,1569943895488987017,[1,{14,1110491,83.37,786066,649,1}]
6020759,PriceUpdate,0,1,1569943899389128075,[1,{14,1110491,83.37,786068,647,1}]
6020784,PriceUpdate,0,1,1569943899489131313,[1,{14,1110491,83.31,786068,346,1}]
6020981,PriceUpdate,0,1,1569943901139191594,[1,{14,1110491,83.25,786068,285,1}]
6020991,PriceUpdate,0,1,1569943901189193809,[1,{14,1110491,83.31,786068,346,1}]
6021031,PriceUpdate,0,1,1569943901389196838,[1,{14,1110491,83.2,785964,6164,1}]
6021064,PriceUpdate,0,1,1569943901639204518,[1,{14,1110491,83.2,785964,6064,1}]
6021081,PriceUpdate,0,1,1569943901739208063,[1,{14,1110491,83.2,785964,5964,1}]
6021288,PriceUpdate,0,1,1569943903139253871,[1,{14,1110491,83.2,785964,6438,1}]
6021325,PriceUpdate,0,1,1569943903389263730,[1,{14,1110491,83.2,785964,7004,1}]
6021506,PriceUpdate,0,1,1569943904289295510,[1,{14,1110491,83.2,785964,6904,1}]
6021668,PriceUpdate,0,1,1569943905039320140,[1,{14,1110491,83.2,785964,6704,1}]
6021687,PriceUpdate,0,1,1569943905139323037,[1,{14,1110491,83.2,785964,7104,1}]
6021727,PriceUpdate,0,1,1569943905489338223,[1,{14,1110491,83.2,785964,7004,1}]
6021733,PriceUpdate,0,1,1569943905539339189,[1,{14,1110491,83.2,785964,7104,1}]
6021850,PriceUpdate,0,1,1569943905989352161,[1,{14,1110491,83.2,791457,1611,1}]
6022096,PriceUpdate,0,1,1569943907539394009,[1,{14,1110491,83.2,791457,1211,1}]
6022106,PriceUpdate,0,1,1569943907589395087,[1,{14,1110491,83.2,791457,4711,1}]
6022246,PriceUpdate,0,1,1569943908239418386,[1,{14,1110491,83.2,791457,4911,1}]
6022376,PriceUpdate,0,1,1569943908989519631,[1,{14,1110491,83.2,791457,7444,1}]
6022382,PriceUpdate,0,1,1569943909039522884,[1,{14,1110491,83.2,791457,7702,1}]
6022451,PriceUpdate,0,1,1569943909939579495,[1,{14,1110491,83.21,791026,77,1}]
6022488,PriceUpdate,0,1,1569943909989582225,[1,{14,1110491,83.24,791124,6,2}]
6022546,PriceUpdate,0,1,1569943910039583288,[1,{14,1110491,83.31,791561,3589,1}]
6022552,PriceUpdate,0,1,1569943910089584784,[1,{14,1110491,83.31,791561,3489,1}]
6022558,PriceUpdate,0,1,1569943910139586152,[1,{14,1110491,83.31,791561,3389,1}]
6022639,PriceUpdate,0,1,1569943910989620928,[1,{14,1110491,83.31,791561,3589,1}]
6022741,PriceUpdate,0,1,1569943911039623563,[1,{14,1110491,83.34,791561,116,1}]
6022802,PriceUpdate,0,1,1569943911239633764,[1,{14,1110491,83.34,791561,216,1}]
6022938,PriceUpdate,0,1,1569943912039678127,[1,{14,1110491,83.41,791561,1412,1}]
6023016,PriceUpdate,0,1,1569943912089679670,[1,{14,1110491,83.41,791561,4081,1}]
6023079,PriceUpdate,0,1,1569943912889719300,[1,{14,1110491,83.41,791561,3981,1}]
6023225,PriceUpdate,0,1,1569943913939763539,[1,{14,1110491,83.41,791561,4081,1}]
6023354,PriceUpdate,0,1,1569943915639849458,[1,{14,1110491,83.41,791561,3981,1}]
6023376,PriceUpdate,0,1,1569943915789854581,[1,{14,1110491,83.41,791561,3881,1}]
6023411,PriceUpdate,0,1,1569943916239869245,[1,{14,1110491,83.41,791561,3981,1}]
6023568,PriceUpdate,0,1,1569943918039930029,[1,{14,1110491,83.41,791561,4824,1}]
6023685,PriceUpdate,0,1,1569943918889956268,[1,{14,1110491,83.41,791561,4724,1}]
6023699,PriceUpdate,0,1,1569943918989958727,[1,{14,1110491,83.41,791561,4824,1}]
6023788,PriceUpdate,0,1,1569943919539975211,[1,{14,1110491,83.41,791561,4724,1}]
6023808,PriceUpdate,0,1,1569943919589976654,[1,{14,1110491,83.42,791561,354,1}]
6023910,PriceUpdate,0,1,1569943920440003816,[1,{14,1110491,83.42,791561,254,1}]
6023916,PriceUpdate,0,1,1569943920490006257,[1,{14,1110491,83.42,791561,154,1}]
6023926,PriceUpdate,0,1,1569943920540007887,[1,{14,1110491,83.42,791561,254,1}]
6024019,PriceUpdate,0,1,1569943921240030068,[1,{14,1110491,83.41,796591,1229,1}]
6024068,PriceUpdate,0,1,1569943921540046080,[1,{14,1110491,83.23,796487,1203,1}]
6024219,PriceUpdate,0,1,1569943923590121241,[1,{14,1110491,83.23,796487,1103,1}]
6024289,PriceUpdate,0,1,1569943924190138927,[1,{14,1110491,83.14,795774,298,1}]
6024310,PriceUpdate,0,1,1569943924390146453,[1,{14,1110491,83.14,795774,198,1}]
6024316,PriceUpdate,0,1,1569943924440147609,[1,{14,1110491,83.14,795774,298,1}]
6024326,PriceUpdate,0,1,1569943924490149578,[1,{14,1110491,83.14,795774,198,1}]
6024332,PriceUpdate,0,1,1569943924540152530,[1,{14,1110491,83.14,795774,298,1}]
6024463,PriceUpdate,0,1,1569943924690158413,[1,{14,1110491,83.31,796591,2296,1}]
6024513,PriceUpdate,0,1,1569943925390183822,[1,{14,1110491,83.31,796591,2196,1}]
6024599,PriceUpdate,0,1,1569943926190223130,[1,{14,1110491,83.41,797464,5130,1}]
6024615,PriceUpdate,0,1,1569943926290225077,[1,{14,1110491,83.41,797464,5230,1}]
6024641,PriceUpdate,0,1,1569943926590235532,[1,{14,1110491,83.41,797464,5130,1}]
6024849,PriceUpdate,0,1,1569943928940322957,[1,{14,1110491,83.41,797464,5030,1}]
6024858,PriceUpdate,0,1,1569943929040326217,[1,{14,1110491,83.41,797464,5130,1}]
6024956,PriceUpdate,0,1,1569943930040361686,[1,{14,1110491,83.41,797464,4830,1}]
6024962,PriceUpdate,0,1,1569943930090362751,[1,{14,1110491,83.41,797464,5030,1}]
6024989,PriceUpdate,0,1,1569943930190368640,[1,{14,1110491,83.41,797464,5034,1}]
6025013,PriceUpdate,0,1,1569943930440376260,[1,{14,1110491,83.41,797464,4934,1}]
6025071,PriceUpdate,0,1,1569943931090399851,[1,{14,1110491,83.41,797464,4834,1}]
6025081,PriceUpdate,0,1,1569943931140402175,[1,{14,1110491,83.41,797464,5234,1}]
6025353,PriceUpdate,0,1,1569943932290545863,[1,{14,1110491,83.31,796591,2300,1}]
6025693,PriceUpdate,0,1,1569943933940606605,[1,{14,1110491,83.31,796591,2200,1}]
6025875,PriceUpdate,0,1,1569943935190679311,[1,{14,1110491,83.31,796679,2112,1}]
6025929,PriceUpdate,0,1,1569943935440692486,[1,{14,1110491,83.31,796679,2249,1}]
6026078,PriceUpdate,0,1,1569943936490729990,[1,{14,1110491,83.31,796679,2749,1}]
6026155,PriceUpdate,0,1,1569943936990744655,[1,{14,1110491,83.31,796679,5943,1}]
6026211,PriceUpdate,0,1,1569943937390761970,[1,{14,1110491,83.31,796679,5948,1}]
6026242,PriceUpdate,0,1,1569943937490766713,[1,{14,1110491,83.41,797552,1102,1}]
6026850,PriceUpdate,0,1,1569943942590938934,[1,{14,1110491,83.41,797552,1107,1}]
6026922,PriceUpdate,0,1,1569943942990950586,[1,{14,1110491,83.31,796679,2540,1}]
6026992,PriceUpdate,0,1,1569943943640971384,[1,{14,1110491,83.31,796679,2640,1}]
6027012,PriceUpdate,0,1,1569943944490993604,[1,{14,1110491,83.31,796679,2540,1}]
6027021,PriceUpdate,0,1,1569943944590996598,[1,{14,1110491,83.31,796679,2640,1}]
6027024,PriceUpdate,0,1,1569943944640997546,[1,{14,1110491,83.31,796679,2340,1}]
6027027,PriceUpdate,0,1,1569943944691000085,[1,{14,1110491,83.31,796679,2540,1}]
6027040,PriceUpdate,0,1,1569943944891007102,[1,{14,1110491,83.31,796679,2440,1}]
6027043,PriceUpdate,0,1,1569943944991012702,[1,{14,1110491,83.31,796679,2540,1}]
6027060,PriceUpdate,0,1,1569943945691035087,[1,{14,1110491,83.2,809775,5943,1}]
6027083,PriceUpdate,0,1,1569943946141044634,[1,{14,1110491,83.24,809879,454,1}]
6027089,PriceUpdate,0,1,1569943946191046831,[1,{14,1110491,83.24,809879,254,1}]
6027112,PriceUpdate,0,1,1569943947941093012,[1,{14,1110491,83.24,809879,154,1}]
6027115,PriceUpdate,0,1,1569943947991094048,[1,{14,1110491,83.24,809879,254,1}]
6027121,PriceUpdate,0,1,1569943948691117971,[1,{14,1110491,83.24,809879,354,1}]
6027136,PriceUpdate,0,1,1569943950891191594,[1,{14,1110491,83.24,809879,254,1}]
6027206,PriceUpdate,0,1,1569943952141231432,[1,{14,1110491,83.24,809879,354,1}]
6027276,PriceUpdate,0,1,1569943952991261169,[1,{14,1110491,83.32,809879,665,1}]
6027300,PriceUpdate,0,1,1569943953041261968,[1,{14,1110491,83.32,809879,865,1}]
6027406,PriceUpdate,0,1,1569943953741280507,[1,{14,1110491,83.32,809879,565,1}]
6027415,PriceUpdate,0,1,1569943953841283617,[1,{14,1110491,83.32,809879,765,1}]
6027423,PriceUpdate,0,1,1569943953891285099,[1,{14,1110491,83.32,809879,865,1}]
6027519,PriceUpdate,0,1,1569943955141325385,[1,{14,1110491,83.32,809879,565,1}]
6027525,PriceUpdate,0,1,1569943955191328044,[1,{14,1110491,83.32,809879,765,1}]
6027579,PriceUpdate,0,1,1569943955841350800,[1,{14,1110491,83.32,809879,865,1}]
6027657,PriceUpdate,0,1,1569943956991380276,[1,{14,1110491,83.32,809879,765,1}]
6027718,PriceUpdate,0,1,1569943957791400516,[1,{14,1110491,83.32,809879,465,1}]
6027724,PriceUpdate,0,1,1569943957841401954,[1,{14,1110491,83.32,809879,765,1}]
6027916,PriceUpdate,0,1,1569943960291472352,[1,{14,1110491,83.32,809879,965,1}]
6027943,PriceUpdate,0,1,1569943960541481042,[1,{14,1110491,83.32,809879,1065,1}]
6027988,PriceUpdate,0,1,1569943961091495239,[1,{14,1110491,83.32,809879,965,1}]
6028048,PriceUpdate,0,1,1569943961791518239,[1,{14,1110491,83.32,809879,565,1}]
6028054,PriceUpdate,0,1,1569943961841519272,[1,{14,1110491,83.32,809879,865,1}]
6028114,PriceUpdate,0,1,1569943962541542837,[1,{14,1110491,83.32,809879,965,1}]
6028144,PriceUpdate,0,1,1569943962941555926,[1,{14,1110491,83.32,809879,565,1}]
6028152,PriceUpdate,0,1,1569943962991556658,[1,{14,1110491,83.32,809879,865,1}]
6028204,PriceUpdate,0,1,1569943963541566607,[1,{14,1110491,83.32,809879,965,1}]
6028213,PriceUpdate,0,1,1569943963641571576,[1,{14,1110491,83.32,809879,13465,1}]
6028358,PriceUpdate,0,1,1569943965741634404,[1,{14,1110491,83.4,810752,418,1}]
6028380,PriceUpdate,0,1,1569943965841639425,[1,{14,1110491,83.33,814525,6,1}]
6028456,PriceUpdate,0,1,1569943966691665191,[1,{14,1110491,83.32,814525,13719,1}]
6028465,PriceUpdate,0,1,1569943966791668247,[1,{14,1110491,83.33,814525,6,1}]
6028555,PriceUpdate,0,1,1569943967942098936,[1,{14,1110491,83.32,814525,13719,1}]
6028565,PriceUpdate,0,1,1569943967992102000,[1,{14,1110491,83.33,814525,206,1}]
6028594,PriceUpdate,0,1,1569943968192108064,[1,{14,1110491,83.41,815398,2668,1}]
6028626,PriceUpdate,0,1,1569943968292111400,[1,{14,1110491,83.41,815398,5831,1}]
6028647,PriceUpdate,0,1,1569943968342114400,[1,{14,1110491,83.45,819199,35431,2}]
6028672,PriceUpdate,0,1,1569943968542121275,[1,{14,1110491,83.45,822362,32268,2}]
6028702,PriceUpdate,0,1,1569943968742127401,[1,{14,1110491,83.45,822062,32568,2}]
6028827,PriceUpdate,0,1,1569943970342192492,[1,{14,1110491,83.45,822162,32468,2}]
6028859,PriceUpdate,0,1,1569943970692204972,[1,{14,1110491,83.45,822462,32168,2}]
6029556,PriceUpdate,0,1,1569943977242752763,[1,{14,1110491,83.45,822462,34461,2}]
6029580,PriceUpdate,0,1,1569943977442766121,[1,{14,1110491,83.45,822462,34575,2}]
6029586,PriceUpdate,0,1,1569943977492769614,[1,{14,1110491,83.45,822362,34675,2}]
6029646,PriceUpdate,0,1,1569943977842785546,[1,{14,1110491,83.45,822362,37190,2}]
6029728,PriceUpdate,0,1,1569943978392817033,[1,{14,1110491,83.45,822162,37390,2}]
6029950,PriceUpdate,0,1,1569943979092855531,[1,{14,1110491,83.1,883733,5467,1}]
6029990,PriceUpdate,0,1,1569943979192865536,[1,{14,1110491,83.1,883733,5067,1}]
6030062,PriceUpdate,0,1,1569943979992900146,[1,{14,1110491,83.1,883733,8230,1}]
6030248,PriceUpdate,0,1,1569943980093117735,[1,{14,1110491,83.18,876856,812,1}]
6030325,PriceUpdate,0,1,1569943980243132174,[1,{14,1110491,83.2,877569,1693,1}]
6030365,PriceUpdate,0,1,1569943980593148421,[1,{14,1110491,83.2,877569,1393,1}]
6030371,PriceUpdate,0,1,1569943980643149052,[1,{14,1110491,83.2,877569,1693,1}]
6030379,PriceUpdate,0,1,1569943980693150845,[1,{14,1110491,83.2,877569,1793,1}]
6030442,PriceUpdate,0,1,1569943981243177242,[1,{14,1110491,83.23,877569,177,1}]
6030505,PriceUpdate,0,1,1569943981543283504,[1,{14,1110491,83.3,877673,1435,1}]
6030550,PriceUpdate,0,1,1569943981743294080,[1,{14,1110491,83.24,880188,1775,1}]
6030592,PriceUpdate,0,1,1569943982143316225,[1,{14,1110491,83.24,880188,1375,1}]
6030600,PriceUpdate,0,1,1569943982193317978,[1,{14,1110491,83.24,880188,1775,1}]
6030814,PriceUpdate,0,1,1569943985093424414,[1,{14,1110491,83.25,880188,6,1}]
6030948,PriceUpdate,0,1,1569943986393467204,[1,{14,1110491,83.24,880188,1375,1}]
6030954,PriceUpdate,0,1,1569943986443468789,[1,{14,1110491,83.25,880188,6,1}]
6031385,PriceUpdate,0,1,1569943992593661808,[1,{14,1110491,83.24,880188,1775,1}]
6031409,PriceUpdate,0,1,1569943992843671852,[1,{14,1110491,83.24,880188,1675,1}]
6031482,PriceUpdate,0,1,1569943993693693332,[1,{14,1110491,83.24,880188,1375,1}]
6031488,PriceUpdate,0,1,1569943993743696004,[1,{14,1110491,83.24,880188,1575,1}]
6031602,PriceUpdate,0,1,1569943995043738487,[1,{14,1110491,83.24,880188,1675,1}]
6031661,PriceUpdate,0,1,1569943995593758651,[1,{14,1110491,83.24,880188,1775,1}]
6031685,PriceUpdate,0,1,1569943995793763496,[1,{14,1110491,83.24,880188,1375,1}]
6031693,PriceUpdate,0,1,1569943995843764352,[1,{14,1110491,83.24,880188,1775,1}]
6031774,PriceUpdate,0,1,1569943996893805342,[1,{14,1110491,83.26,880188,127,1}]
6031885,PriceUpdate,0,1,1569943998393852135,[1,{14,1110491,83.25,880188,216,1}]
6032017,PriceUpdate,0,1,1569943999943961337,[1,{14,1110491,83.29,880188,2593,1}]
6032137,PriceUpdate,0,1,1569944001344026705,[1,{14,1110491,83.29,880188,2493,1}]
6032221,PriceUpdate,0,1,1569944002144051197,[1,{14,1110491,83.29,880188,10479,1}]
6032323,PriceUpdate,0,1,1569944003494098039,[1,{14,1110491,83.29,880188,10179,1}]
6032329,PriceUpdate,0,1,1569944003544098706,[1,{14,1110491,83.29,880188,10479,1}]
6032445,PriceUpdate,0,1,1569944004894150162,[1,{14,1110491,83.29,880188,10379,1}]
6032451,PriceUpdate,0,1,1569944004944151052,[1,{14,1110491,83.29,880188,10479,1}]
6032489,PriceUpdate,0,1,1569944005244159732,[1,{14,1110491,83.28,880188,10802,1}]
6032513,PriceUpdate,0,1,1569944005594171858,[1,{14,1110491,83.28,880188,10840,1}]
6032525,PriceUpdate,0,1,1569944005694175545,[1,{14,1110491,83.28,880188,11882,1}]
6032718,PriceUpdate,0,1,1569944008444264555,[1,{14,1110491,83.29,880188,11559,1}]
6032752,PriceUpdate,0,1,1569944008794275360,[1,{14,1110491,83.29,880188,11359,1}]
6032907,PriceUpdate,0,1,1569944010894346835,[1,{14,1110491,83.28,880188,11682,1}]
6032940,PriceUpdate,0,1,1569944011294356870,[1,{14,1110491,83.28,880188,11582,1}]
6032950,PriceUpdate,0,1,1569944011344357674,[1,{14,1110491,83.27,880188,11682,1}]
6032976,PriceUpdate,0,1,1569944011544366309,[1,{14,1110491,83.28,880188,11782,1}]
6033032,PriceUpdate,0,1,1569944012194390275,[1,{14,1110491,83.26,880188,11956,1}]
6033040,PriceUpdate,0,1,1569944012244393159,[1,{14,1110491,83.26,880188,12056,1}]
6033191,PriceUpdate,0,1,1569944014294540032,[1,{14,1110491,83.26,880188,11956,1}]
6033197,PriceUpdate,0,1,1569944014344541296,[1,{14,1110491,83.26,880188,12256,1}]
6033260,PriceUpdate,0,1,1569944015294581153,[1,{14,1110491,83.26,880188,12156,1}]
6033275,PriceUpdate,0,1,1569944015394585335,[1,{14,1110491,83.24,880188,14214,1}]
6033318,PriceUpdate,0,1,1569944015994602752,[1,{14,1110491,83.25,880188,45,1}]
6033324,PriceUpdate,0,1,1569944016044603728,[1,{14,1110491,83.24,880188,14314,1}]
6033357,PriceUpdate,0,1,1569944016344615739,[1,{14,1110491,83.25,880237,96,1}]
6033369,PriceUpdate,0,1,1569944016494618451,[1,{14,1110491,83.25,880237,12596,1}]
6033508,PriceUpdate,0,1,1569944018194670049,[1,{14,1110491,83.25,880237,96,1}]
6033514,PriceUpdate,0,1,1569944018244671567,[1,{14,1110491,83.24,880237,14265,1}]
6033656,PriceUpdate,0,1,1569944019794724498,[1,{14,1110491,83.24,880237,14165,1}]
6033691,PriceUpdate,0,1,1569944020194735261,[1,{14,1110491,83.25,880237,12296,1}]
6033697,PriceUpdate,0,1,1569944020244737062,[1,{14,1110491,83.25,880237,12396,1}]
6033715,PriceUpdate,0,1,1569944020394740456,[1,{14,1110491,83.24,880237,14265,1}]
6033820,PriceUpdate,0,1,1569944021744781517,[1,{14,1110491,83.24,880237,14165,1}]
6034015,PriceUpdate,0,1,1569944023944842549,[1,{14,1110491,83.24,880237,14065,1}]
6034022,PriceUpdate,0,1,1569944023994843470,[1,{14,1110491,83.24,880237,14165,1}]
6034144,PriceUpdate,0,1,1569944025044865136,[1,{14,1110491,83.24,880948,13454,1}]
6034456,PriceUpdate,0,1,1569944026794929025,[1,{14,1110491,83.25,880948,11585,1}]
6034560,PriceUpdate,0,1,1569944027044943358,[1,{14,1110491,83.42,881821,407,1}]
6034598,PriceUpdate,0,1,1569944027094946379,[1,{14,1110491,83.43,881821,3093,1}]
6034915,PriceUpdate,0,1,1569944029645043195,[1,{14,1110491,83.42,881821,3671,1}]
6034925,PriceUpdate,0,1,1569944029745046737,[1,{14,1110491,83.43,881821,930,1}]
6034998,PriceUpdate,0,1,1569944030295063771,[1,{14,1110491,83.45,907217,13836,2}]
6035071,PriceUpdate,0,1,1569944030545069870,[1,{14,1110491,83.45,899231,21822,2}]
6035083,PriceUpdate,0,1,1569944030595071693,[1,{14,1110491,83.45,900231,20822,2}]
6035107,PriceUpdate,0,1,1569944030645072877,[1,{14,1110491,83.45,897068,23985,2}]
6035159,PriceUpdate,0,1,1569944030845080687,[1,{14,1110491,83.45,889082,31971,2}]
6035188,PriceUpdate,0,1,1569944030945084549,[1,{14,1110491,83.43,881821,5972,1}]
6035327,PriceUpdate,0,1,1569944031345134361,[1,{14,1110491,83.43,881821,2809,1}]
6035356,PriceUpdate,0,1,1569944031445137983,[1,{14,1110491,83.41,881821,8954,1}]
6035548,PriceUpdate,0,1,1569944032245165020,[1,{14,1110491,83.41,881821,5791,1}]
6035570,PriceUpdate,0,1,1569944032345168952,[1,{14,1110491,83.41,881821,5891,1}]
6035594,PriceUpdate,0,1,1569944032445171879,[1,{14,1110491,83.36,896714,228,1}]
6035658,PriceUpdate,0,1,1569944032945184772,[1,{14,1110491,83.35,896714,3493,1}]
6035743,PriceUpdate,0,1,1569944033545204970,[1,{14,1110491,83.35,896714,3593,1}]
6035756,PriceUpdate,0,1,1569944033595206860,[1,{14,1110491,83.35,896714,3693,1}]
6035776,PriceUpdate,0,1,1569944033645209360,[1,{14,1110491,83.43,897587,4734,1}]
6036097,PriceUpdate,0,1,1569944036995319276,[1,{14,1110491,83.43,900102,2219,1}]
6036609,PriceUpdate,0,1,1569944040995435416,[1,{14,1110491,83.45,907127,32207,2}]
6036889,PriceUpdate,0,1,1569944043795512149,[1,{14,1110491,83.45,915368,23966,2}]
6036989,PriceUpdate,0,1,1569944044045521278,[1,{14,1110491,83.45,915368,13906,2}]
6037041,PriceUpdate,0,1,1569944044395531632,[1,{14,1110491,83.45,915368,10553,2}]
6037068,PriceUpdate,0,1,1569944044445532505,[1,{14,1110491,83.45,915368,3847,2}]
6037176,PriceUpdate,0,1,1569944045295552115,[1,{14,1110491,83.47,909155,1658,1}]
6037350,PriceUpdate,0,1,1569944047095600112,[1,{14,1110491,83.45,915368,1773,2}]
6037465,PriceUpdate,0,1,1569944047445612397,[1,{14,1110491,83.45,915368,2304,2}]
6037556,PriceUpdate,0,1,1569944047495614226,[1,{14,1110491,83.45,915939,1733,2}]
6037747,PriceUpdate,0,1,1569944048645652074,[1,{14,1110491,83.48,907612,1772,1}]
6037785,PriceUpdate,0,1,1569944048695652922,[1,{14,1110491,83.47,910127,1257,1}]
6038113,PriceUpdate,0,1,1569944051195715716,[1,{14,1110491,83.6,874568,3,1}]
6038152,PriceUpdate,0,1,1569944051245716523,[1,{14,1110491,83.48,900068,9316,1}]
6038569,PriceUpdate,0,1,1569944055645871263,[1,{14,1110491,83.51,890008,5221,1}]
6038635,PriceUpdate,0,1,1569944056095884121,[1,{14,1110491,83.54,883249,2165,1}]
6038751,PriceUpdate,0,1,1569944056695907163,[1,{14,1110491,83.62,874239,57,1}]
6038763,PriceUpdate,0,1,1569944056745909092,[1,{14,1110491,83.61,874296,143,2}]
6038812,PriceUpdate,0,1,1569944057295922014,[1,{14,1110491,83.62,874239,57,1}]
6038819,PriceUpdate,0,1,1569944057345924226,[1,{14,1110491,83.61,874296,43,2}]
6038829,PriceUpdate,0,1,1569944057395925938,[1,{14,1110491,83.62,874239,57,1}]
6038844,PriceUpdate,0,1,1569944057495929054,[1,{14,1110491,83.61,874296,143,2}]
6038868,PriceUpdate,0,1,1569944057545931605,[1,{14,1110491,83.75,866692,384,1}]
6038886,PriceUpdate,0,1,1569944057645936002,[1,{14,1110491,83.75,866592,484,1}]
6038904,PriceUpdate,0,1,1569944057895942096,[1,{14,1110491,83.75,866492,584,1}]
6038915,PriceUpdate,0,1,1569944057945943730,[1,{14,1110491,83.75,866592,484,1}]
6038941,PriceUpdate,0,1,1569944058145954123,[1,{14,1110491,83.75,866392,684,1}]
6038955,PriceUpdate,0,1,1569944058245956685,[1,{14,1110491,83.75,866492,584,1}]
6039008,PriceUpdate,0,1,1569944058445961743,[1,{14,1110491,83.86,862121,236,2}]
6039082,PriceUpdate,0,1,1569944059045981416,[1,{14,1110491,83.8,856483,821,1}]
6039112,PriceUpdate,0,1,1569944059195984192,[1,{14,1110491,83.72,860762,26,1}]
6039149,PriceUpdate,0,1,1569944059495992373,[1,{14,1110491,83.7,854817,5945,2}]
6039195,PriceUpdate,0,1,1569944059745999683,[1,{14,1110491,83.75,850702,402,1}]
6039250,PriceUpdate,0,1,1569944059996007466,[1,{14,1110491,83.7,854817,915,2}]
6039315,PriceUpdate,0,1,1569944060146013381,[1,{14,1110491,83.7,854817,3430,2}]
6039344,PriceUpdate,0,1,1569944060196014515,[1,{14,1110491,83.8,858297,1277,1}]
6039545,PriceUpdate,0,1,1569944061196065101,[1,{14,1110491,83.8,870388,92,1}]
6039625,PriceUpdate,0,1,1569944061296068172,[1,{14,1110491,83.7,867993,7375,2}]
6039747,PriceUpdate,0,1,1569944061996094777,[1,{14,1110491,83.61,871500,879,2}]
6039795,PriceUpdate,0,1,1569944062046095575,[1,{14,1110491,83.7,867993,2345,2}]
6039861,PriceUpdate,0,1,1569944062196099770,[1,{14,1110491,83.65,862433,272,2}]
6039906,PriceUpdate,0,1,1569944062346102662,[1,{14,1110491,83.7,870438,491,1}]
6039983,PriceUpdate,0,1,1569944062646113593,[1,{14,1110491,83.7,870538,391,1}]
6040031,PriceUpdate,0,1,1569944062996123117,[1,{14,1110491,83.7,870438,491,1}]
6040071,PriceUpdate,0,1,1569944063246131155,[1,{14,1110491,83.7,870538,391,1}]
6040089,PriceUpdate,0,1,1569944063296133565,[1,{14,1110491,83.7,870438,491,1}]
6040158,PriceUpdate,0,1,1569944063446157703,[1,{14,1110491,83.7,870238,691,1}]
6040170,PriceUpdate,0,1,1569944063496159905,[1,{14,1110491,83.7,870438,491,1}]
6040208,PriceUpdate,0,1,1569944063646166502,[1,{14,1110491,83.7,870238,691,1}]
6040214,PriceUpdate,0,1,1569944063696168711,[1,{14,1110491,83.7,870438,491,1}]
6040222,PriceUpdate,0,1,1569944063746169919,[1,{14,1110491,83.7,870538,391,1}]
6040243,PriceUpdate,0,1,1569944063846171220,[1,{14,1110491,83.7,870638,291,1}]
6040657,PriceUpdate,0,1,1569944065646278551,[1,{14,1110491,83.7,870929,2224,2}]
6040887,PriceUpdate,0,1,1569944066246375145,[1,{14,1110491,83.73,873153,1102,1}]
6040900,PriceUpdate,0,1,1569944066296376487,[1,{14,1110491,83.73,873053,1202,1}]
6040917,PriceUpdate,0,1,1569944066346377071,[1,{14,1110491,83.73,872853,1402,1}]
6041616,PriceUpdate,0,1,1569944068096473606,[1,{14,1110491,83.73,862794,11461,1}]
6041946,PriceUpdate,0,1,1569944069446531258,[1,{14,1110491,83.73,862794,3475,1}]
6042012,PriceUpdate,0,1,1569944069846549750,[1,{14,1110491,83.73,862694,3575,1}]
6042018,PriceUpdate,0,1,1569944069896550806,[1,{14,1110491,83.73,862794,3475,1}]
6042079,PriceUpdate,0,1,1569944070046555294,[1,{14,1110491,83.73,863296,2973,1}]
6042180,PriceUpdate,0,1,1569944070446567896,[1,{14,1110491,83.73,863296,6372,1}]
6042539,PriceUpdate,0,1,1569944072146624866,[1,{14,1110491,83.7,871952,1404,2}]
6042752,PriceUpdate,0,1,1569944073046655072,[1,{14,1110491,83.7,871952,1479,2}]
6042849,PriceUpdate,0,1,1569944073496674714,[1,{14,1110491,83.7,871952,1480,2}]
6042904,PriceUpdate,0,1,1569944073646678983,[1,{14,1110491,83.7,871952,1982,2}]
6042939,PriceUpdate,0,1,1569944073846685437,[1,{14,1110491,83.7,871952,1882,2}]
6042949,PriceUpdate,0,1,1569944073896687696,[1,{14,1110491,83.7,871952,2482,2}]
6043039,PriceUpdate,0,1,1569944074296703118,[1,{14,1110491,83.73,865614,4054,1}]
6043070,PriceUpdate,0,1,1569944074346704218,[1,{14,1110491,83.73,866913,2755,1}]
6043228,PriceUpdate,0,1,1569944074896725937,[1,{14,1110491,83.71,870796,1147,2}]
6043246,PriceUpdate,0,1,1569944074946727842,[1,{14,1110491,83.71,870796,2909,2}]
6043432,PriceUpdate,0,1,1569944075646746207,[1,{14,1110491,83.71,870796,4971,2}]
6043495,PriceUpdate,0,1,1569944075796750161,[1,{14,1110491,83.7,863966,6253,2}]
6043561,PriceUpdate,0,1,1569944076096757885,[1,{14,1110491,83.65,862586,4614,1}]
6043613,PriceUpdate,0,1,1569944076246892488,[1,{14,1110491,83.65,862886,4314,1}]
6043843,PriceUpdate,0,1,1569944076846932555,[1,{14,1110491,83.65,863388,3812,1}]
6044036,PriceUpdate,0,1,1569944077546955627,[1,{14,1110491,83.65,863388,4265,1}]
6044316,PriceUpdate,0,1,1569944078446981480,[1,{14,1110491,83.65,863088,4565,1}]
6044541,PriceUpdate,0,1,1569944079097003405,[1,{14,1110491,83.63,862702,8703,1}]
6044604,PriceUpdate,0,1,1569944079247009477,[1,{14,1110491,83.63,865865,5540,1}]
6044736,PriceUpdate,0,1,1569944079597025101,[1,{14,1110491,83.63,866065,5340,1}]
6045484,PriceUpdate,0,1,1569944080947925644,[1,{14,1110491,83.63,866165,5240,1}]
6045730,PriceUpdate,0,1,1569944081347943491,[1,{14,1110491,83.65,856491,3176,1}]
6045837,PriceUpdate,0,1,1569944081597955046,[1,{14,1110491,83.65,857138,2529,1}]
6045977,PriceUpdate,0,1,1569944081847963940,[1,{14,1110491,83.65,856838,2829,1}]
6046040,PriceUpdate,0,1,1569944081897964952,[1,{14,1110491,83.65,857540,2127,1}]
6046680,PriceUpdate,0,1,1569944083848409380,[1,{14,1110491,83.65,857540,7009,1}]
6047088,PriceUpdate,0,1,1569944084048421838,[1,{14,1110491,83.63,866282,10005,1}]
6047476,PriceUpdate,0,1,1569944084498447141,[1,{14,1110491,83.65,856609,7940,1}]
6047584,PriceUpdate,0,1,1569944084648593091,[1,{14,1110491,83.65,857111,7438,1}]
6047817,PriceUpdate,0,1,1569944085098615819,[1,{14,1110491,83.65,857111,7441,1}]
6047909,PriceUpdate,0,1,1569944085148618893,[1,{14,1110491,83.63,866725,9565,1}]
6048026,PriceUpdate,0,1,1569944085248626784,[1,{14,1110491,83.63,866766,9524,1}]
6048157,PriceUpdate,0,1,1569944085348630036,[1,{14,1110491,83.56,880758,627,1}]
6048250,PriceUpdate,0,1,1569944085448632703,[1,{14,1110491,83.55,883273,14222,1}]
6048300,PriceUpdate,0,1,1569944085548639964,[1,{14,1110491,83.59,876882,1106,1}]
6048355,PriceUpdate,0,1,1569944085648669746,[1,{14,1110491,83.6,876844,38,2}]
6048409,PriceUpdate,0,1,1569944085748677414,[1,{14,1110491,83.55,876482,13027,1}]
6048533,PriceUpdate,0,1,1569944085948684382,[1,{14,1110491,83.55,876693,12816,1}]
6048647,PriceUpdate,0,1,1569944086498795770,[1,{14,1110491,83.55,876693,4830,1}]
6048718,PriceUpdate,0,1,1569944086698807104,[1,{14,1110491,83.55,877195,4328,1}]
6048899,PriceUpdate,0,1,1569944087198816594,[1,{14,1110491,83.54,882225,5599,1}]
6049305,PriceUpdate,0,1,1569944088098843385,[1,{14,1110491,83.54,882225,6422,1}]
6049501,PriceUpdate,0,1,1569944088348853599,[1,{14,1110491,83.55,882225,879,1}]
6049605,PriceUpdate,0,1,1569944088448856729,[1,{14,1110491,83.55,882525,2160,1}]
6049667,PriceUpdate,0,1,1569944088548861539,[1,{14,1110491,83.55,883027,1658,1}]
6049857,PriceUpdate,0,1,1569944088998872705,[1,{14,1110491,83.54,887757,4052,1}]
6050213,PriceUpdate,0,1,1569944090048904790,[1,{14,1110491,83.54,889014,2795,1}]
6050409,PriceUpdate,0,1,1569944090198907490,[1,{14,1110491,83.54,889516,2293,1}]
6050461,PriceUpdate,0,1,1569944090248910139,[1,{14,1110491,83.51,898399,4359,1}]
6050539,PriceUpdate,0,1,1569944090348926403,[1,{14,1110491,83.51,899656,3102,1}]
6050653,PriceUpdate,0,1,1569944090598956836,[1,{14,1110491,83.51,900913,1845,1}]
6050763,PriceUpdate,0,1,1569944090848966087,[1,{14,1110491,83.51,902170,588,1}]
6050941,PriceUpdate,0,1,1569944091048970380,[1,{14,1110491,83.51,902758,1044,2}]
6050999,PriceUpdate,0,1,1569944091098973474,[1,{14,1110491,83.51,903547,255,2}]
6051089,PriceUpdate,0,1,1569944091148975801,[1,{14,1110491,83.51,903547,1512,2}]
6051164,PriceUpdate,0,1,1569944091198978653,[1,{14,1110491,83.54,905059,7123,1}]
6051284,PriceUpdate,0,1,1569944091398983324,[1,{14,1110491,83.54,906316,6655,1}]
6051413,PriceUpdate,0,1,1569944091548987951,[1,{14,1110491,83.54,911346,1625,1}]
6051544,PriceUpdate,0,1,1569944091698993096,[1,{14,1110491,83.54,913105,655,1}]
6051617,PriceUpdate,0,1,1569944091848998911,[1,{14,1110491,83.51,913105,3618,1}]
6051680,PriceUpdate,0,1,1569944091999006138,[1,{14,1110491,83.51,913105,4407,1}]
6051811,PriceUpdate,0,1,1569944092049006833,[1,{14,1110491,83.5,917618,12318,1}]
6051928,PriceUpdate,0,1,1569944092299018837,[1,{14,1110491,83.51,918301,1091,2}]
6051975,PriceUpdate,0,1,1569944092349021120,[1,{14,1110491,83.5,918875,11850,1}]
6052082,PriceUpdate,0,1,1569944092649066291,[1,{14,1110491,83.5,920132,10593,1}]
6052178,PriceUpdate,0,1,1569944092949084212,[1,{14,1110491,83.5,921389,9336,1}]
6052447,PriceUpdate,0,1,1569944093249096097,[1,{14,1110491,83.5,921891,11995,1}]
6052491,PriceUpdate,0,1,1569944093299099197,[1,{14,1110491,83.51,922251,1414,2}]
6052692,PriceUpdate,0,1,1569944093699114838,[1,{14,1110491,83.51,923665,6283,1}]
6052969,PriceUpdate,0,1,1569944094049132575,[1,{14,1110491,83.52,923665,956,1}]
6053038,PriceUpdate,0,1,1569944094149134038,[1,{14,1110491,83.51,924922,6607,1}]
6053080,PriceUpdate,0,1,1569944094249134978,[1,{14,1110491,83.52,924922,1280,1}]
6053168,PriceUpdate,0,1,1569944094399142197,[1,{14,1110491,83.52,925424,2359,1}]
6053210,PriceUpdate,0,1,1569944094499149561,[1,{14,1110491,83.52,925424,1570,1}]
6053503,PriceUpdate,0,1,1569944095049167092,[1,{14,1110491,83.55,926824,1101,1}]
6053565,PriceUpdate,0,1,1569944095099168077,[1,{14,1110491,83.55,926824,15695,1}]
6053623,PriceUpdate,0,1,1569944095149171831,[1,{14,1110491,83.55,926724,15845,1}]
6053682,PriceUpdate,0,1,1569944095199172516,[1,{14,1110491,83.55,926421,18491,1}]
6053814,PriceUpdate,0,1,1569944095399179152,[1,{14,1110491,83.55,926421,17702,1}]
6053872,PriceUpdate,0,1,1569944095449184351,[1,{14,1110491,83.55,926923,17200,1}]
6053992,PriceUpdate,0,1,1569944095699196682,[1,{14,1110491,83.55,926923,16411,1}]
6054013,PriceUpdate,0,1,1569944095749199752,[1,{14,1110491,83.55,929692,21886,1}]
6054145,PriceUpdate,0,1,1569944095999205870,[1,{14,1110491,83.55,928435,23143,1}]
6054324,PriceUpdate,0,1,1569944096099209945,[1,{14,1110491,83.58,929135,2456,1}]
6054408,PriceUpdate,0,1,1569944096199213342,[1,{14,1110491,83.56,928235,199,1}]
6054445,PriceUpdate,0,1,1569944096249214082,[1,{14,1110491,83.56,926978,1456,1}]
6054510,PriceUpdate,0,1,1569944096349217579,[1,{14,1110491,83.56,927480,954,1}]
6054542,PriceUpdate,0,1,1569944096399219505,[1,{14,1110491,83.56,927480,552,1}]
6054591,PriceUpdate,0,1,1569944096449220161,[1,{14,1110491,83.55,932510,11632,1}]
6054738,PriceUpdate,0,1,1569944096799230771,[1,{14,1110491,83.55,933416,10726,1}]
6054927,PriceUpdate,0,1,1569944097049482591,[1,{14,1110491,83.55,933416,16109,1}]
6055055,PriceUpdate,0,1,1569944097149487721,[1,{14,1110491,83.55,934673,14852,1}]
6055143,PriceUpdate,0,1,1569944097199488871,[1,{14,1110491,83.58,935875,7339,1}]
6055200,PriceUpdate,0,1,1569944097249489584,[1,{14,1110491,83.55,935175,11471,1}]
6055255,PriceUpdate,0,1,1569944097299492688,[1,{14,1110491,83.55,935175,12260,1}]
6055340,PriceUpdate,0,1,1569944097399498153,[1,{14,1110491,83.55,933918,13517,1}]
6055459,PriceUpdate,0,1,1569944097599515861,[1,{14,1110491,83.55,933918,5531,1}]
6055515,PriceUpdate,0,1,1569944097649519684,[1,{14,1110491,83.55,932661,9949,1}]
6055556,PriceUpdate,0,1,1569944097699522029,[1,{14,1110491,83.55,932661,10738,1}]
6055808,PriceUpdate,0,1,1569944097949532773,[1,{14,1110491,83.58,933863,2942,1}]
6055928,PriceUpdate,0,1,1569944098049590471,[1,{14,1110491,83.58,935120,896,1}]
6056061,PriceUpdate,0,1,1569944098099595475,[1,{14,1110491,83.55,934420,16109,1}]
6056152,PriceUpdate,0,1,1569944098199598968,[1,{14,1110491,83.56,934320,99,1}]
6056346,PriceUpdate,0,1,1569944098349610745,[1,{14,1110491,83.55,935577,14952,1}]
6056424,PriceUpdate,0,1,1569944098399615980,[1,{14,1110491,83.55,935577,14163,1}]
6056525,PriceUpdate,0,1,1569944098499618673,[1,{14,1110491,83.57,931147,435,1}]
6056584,PriceUpdate,0,1,1569944098549620368,[1,{14,1110491,83.57,931582,195,2}]
6056665,PriceUpdate,0,1,1569944098599621196,[1,{14,1110491,83.56,932434,1196,1}]
6056722,PriceUpdate,0,1,1569944098649623919,[1,{14,1110491,83.56,932936,694,1}]
6056750,PriceUpdate,0,1,1569944098699625392,[1,{14,1110491,83.56,932936,1483,1}]
6056812,PriceUpdate,0,1,1569944098749631192,[1,{14,1110491,83.55,932936,16109,1}]
6056867,PriceUpdate,0,1,1569944098849636251,[1,{14,1110491,83.57,933536,512,1}]
6056893,PriceUpdate,0,1,1569944098899639261,[1,{14,1110491,83.55,932936,16067,1}]
6056988,PriceUpdate,0,1,1569944098999657834,[1,{14,1110491,83.58,928606,1199,1}]
6057133,PriceUpdate,0,1,1569944099049661295,[1,{14,1110491,83.55,933906,15097,1}]
6057220,PriceUpdate,0,1,1569944099149667571,[1,{14,1110491,83.55,933906,16109,1}]
6057329,PriceUpdate,0,1,1569944099249670658,[1,{14,1110491,83.56,934408,1078,1}]
6057437,PriceUpdate,0,1,1569944099299671784,[1,{14,1110491,83.55,934911,919,1}]
6057615,PriceUpdate,0,1,1569944099399678449,[1,{14,1110491,83.55,936690,1510,1}]
6057852,PriceUpdate,0,1,1569944099549684974,[1,{14,1110491,83.54,935690,7069,1}]
6057915,PriceUpdate,0,1,1569944099599685888,[1,{14,1110491,83.55,936690,9889,1}]
6057991,PriceUpdate,0,1,1569944099649690879,[1,{14,1110491,83.56,936690,9578,1}]
6058100,PriceUpdate,0,1,1569944099699694375,[1,{14,1110491,83.56,936690,12991,1}]
6058202,PriceUpdate,0,1,1569944099749696074,[1,{14,1110491,83.58,937290,1223,1}]
6058390,PriceUpdate,0,1,1569944099849697610,[1,{14,1110491,83.58,937290,1505,1}]
6058540,PriceUpdate,0,1,1569944099899700463,[1,{14,1110491,83.57,937071,119,2}]
6058670,PriceUpdate,0,1,1569944099949703646,[1,{14,1110491,83.56,936590,12645,1}]
6058836,PriceUpdate,0,1,1569944099999706602,[1,{14,1110491,83.56,944086,4365,1}]
6058954,PriceUpdate,0,1,1569944100049708651,[1,{14,1110491,83.56,944086,5965,1}]
6059410,PriceUpdate,0,1,1569944100349721564,[1,{14,1110491,83.56,944086,12815,1}]
6059508,PriceUpdate,0,1,1569944100449724529,[1,{14,1110491,83.56,946601,10300,1}]
6059662,PriceUpdate,0,1,1569944100649729997,[1,{14,1110491,83.56,946601,11694,1}]
6059884,PriceUpdate,0,1,1569944100799734954,[1,{14,1110491,83.58,942271,1992,1}]
6060045,PriceUpdate,0,1,1569944100999738330,[1,{14,1110491,83.56,941571,12878,1}]
6060095,PriceUpdate,0,1,1569944101049741896,[1,{14,1110491,83.57,941457,214,2}]
6060232,PriceUpdate,0,1,1569944101249747051,[1,{14,1110491,83.56,941171,12888,1}]
6060795,PriceUpdate,0,1,1569944101349751373,[1,{14,1110491,83.56,941171,12991,1}]
6060957,PriceUpdate,0,1,1569944101599759662,[1,{14,1110491,83.57,941170,401,2}]
6060979,PriceUpdate,0,1,1569944101649761960,[1,{14,1110491,83.56,941571,12393,1}]
6061277,PriceUpdate,0,1,1569944101999790410,[1,{14,1110491,83.56,941571,12739,1}]
6064756,PriceUpdate,0,1,1569944107100132112,[1,{14,1110491,83.56,942071,12239,1}]
6064769,PriceUpdate,0,1,1569944107200137929,[1,{14,1110491,83.56,941971,12339,1}]
6066197,PriceUpdate,0,1,1569944108245253980,[1,{26,1110491,83.56,941971,12339,1}]
