trade_time_paris,x_t_signed_volume,total_qty,known_qty,imbalance,known_ratio
2019-10-01 09:00:00+02:00,-502.0,42940.0,14744.0,-0.03404774823657081,0.3433628318584071
2019-10-01 09:01:00+02:00,1249.0,6475.0,6475.0,0.1928957528957529,1.0
2019-10-01 09:02:00+02:00,1420.0,2080.0,2080.0,0.6826923076923077,1.0
2019-10-01 09:03:00+02:00,-1022.0,3974.0,3974.0,-0.2571716155007549,1.0
2019-10-01 09:04:00+02:00,-594.0,698.0,698.0,-0.8510028653295129,1.0
2019-10-01 09:05:00+02:00,756.0,5718.0,5718.0,0.1322140608604407,1.0
2019-10-01 09:06:00+02:00,-329.0,3581.0,3581.0,-0.09187377827422508,1.0
2019-10-01 09:07:00+02:00,1170.0,4020.0,4020.0,0.291044776119403,1.0
2019-10-01 09:08:00+02:00,-350.0,2812.0,2812.0,-0.12446657183499289,1.0
2019-10-01 09:09:00+02:00,-539.0,4211.0,4211.0,-0.12799810021372596,1.0
2019-10-01 09:10:00+02:00,81.0,1965.0,1965.0,0.04122137404580153,1.0
2019-10-01 09:11:00+02:00,186.0,1228.0,1228.0,0.15146579804560262,1.0
2019-10-01 09:12:00+02:00,-578.0,2272.0,2272.0,-0.25440140845070425,1.0
2019-10-01 09:13:00+02:00,-258.0,974.0,974.0,-0.2648870636550308,1.0
2019-10-01 09:14:00+02:00,-1553.0,2305.0,2305.0,-0.6737527114967462,1.0
2019-10-01 09:15:00+02:00,-3867.0,16083.0,16083.0,-0.2404402163775415,1.0
2019-10-01 09:16:00+02:00,-845.0,4519.0,4519.0,-0.18698827174153573,1.0
2019-10-01 09:17:00+02:00,597.0,2347.0,2347.0,0.2543672773753728,1.0
2019-10-01 09:18:00+02:00,-1051.0,2413.0,2413.0,-0.43555739743058436,1.0
2019-10-01 09:19:00+02:00,-1030.0,4342.0,4342.0,-0.23721787194841087,1.0
2019-10-01 09:20:00+02:00,-6202.0,11704.0,11704.0,-0.5299043062200957,1.0
2019-10-01 09:21:00+02:00,88.0,2620.0,2620.0,0.03358778625954199,1.0
2019-10-01 09:22:00+02:00,217.0,2131.0,2131.0,0.1018301267010793,1.0
2019-10-01 09:23:00+02:00,-147.0,2401.0,2401.0,-0.061224489795918366,1.0
2019-10-01 09:24:00+02:00,577.0,921.0,921.0,0.6264929424538545,1.0
2019-10-01 09:25:00+02:00,514.0,1256.0,1256.0,0.40923566878980894,1.0
2019-10-01 09:26:00+02:00,-183.0,2143.0,2143.0,-0.08539430704619692,1.0
2019-10-01 09:27:00+02:00,458.0,5024.0,5024.0,0.0911624203821656,1.0
2019-10-01 09:28:00+02:00,407.0,1539.0,1539.0,0.2644574398960364,1.0
2019-10-01 09:29:00+02:00,-124.0,420.0,420.0,-0.29523809523809524,1.0
2019-10-01 09:30:00+02:00,541.0,3259.0,3259.0,0.1660018410555385,1.0
2019-10-01 09:31:00+02:00,462.0,1232.0,1232.0,0.375,1.0
2019-10-01 09:32:00+02:00,1148.0,1148.0,1148.0,1.0,1.0
2019-10-01 09:33:00+02:00,684.0,2166.0,2166.0,0.3157894736842105,1.0
2019-10-01 09:34:00+02:00,0.0,300.0,300.0,0.0,1.0
2019-10-01 09:35:00+02:00,-1474.0,3282.0,3282.0,-0.44911639244363194,1.0
2019-10-01 09:36:00+02:00,1664.0,2844.0,2844.0,0.5850914205344585,1.0
2019-10-01 09:37:00+02:00,-1033.0,3199.0,3199.0,-0.3229134104407627,1.0
2019-10-01 09:38:00+02:00,127.0,2493.0,2493.0,0.05094263939029282,1.0
2019-10-01 09:39:00+02:00,829.0,829.0,829.0,1.0,1.0
2019-10-01 09:40:00+02:00,-5.0,5.0,5.0,-1.0,1.0
2019-10-01 09:41:00+02:00,226.0,2170.0,2170.0,0.10414746543778802,1.0
2019-10-01 09:42:00+02:00,-1144.0,1212.0,1212.0,-0.9438943894389439,1.0
2019-10-01 09:43:00+02:00,-53.0,2669.0,2669.0,-0.01985762457849382,1.0
2019-10-01 09:44:00+02:00,-283.0,283.0,283.0,-1.0,1.0
2019-10-01 09:45:00+02:00,643.0,1447.0,1447.0,0.4443676572218383,1.0
2019-10-01 09:46:00+02:00,31.0,645.0,645.0,0.04806201550387597,1.0
2019-10-01 09:47:00+02:00,205.0,593.0,593.0,0.3456998313659359,1.0
2019-10-01 09:48:00+02:00,-1315.0,2151.0,2151.0,-0.6113435611343561,1.0
2019-10-01 09:49:00+02:00,-523.0,1389.0,1389.0,-0.37652987760979123,1.0
2019-10-01 09:50:00+02:00,-382.0,794.0,794.0,-0.4811083123425693,1.0
2019-10-01 09:51:00+02:00,777.0,2481.0,2481.0,0.313180169286578,1.0
2019-10-01 09:52:00+02:00,-352.0,2034.0,2034.0,-0.17305801376597837,1.0
2019-10-01 09:53:00+02:00,278.0,1270.0,1270.0,0.2188976377952756,1.0
2019-10-01 09:54:00+02:00,922.0,4512.0,4512.0,0.20434397163120568,1.0
2019-10-01 09:55:00+02:00,-1308.0,2494.0,2494.0,-0.5244587008821171,1.0
2019-10-01 09:56:00+02:00,-1335.0,3433.0,3433.0,-0.3888727060879697,1.0
2019-10-01 09:57:00+02:00,-2257.0,3345.0,3345.0,-0.6747384155455904,1.0
2019-10-01 09:58:00+02:00,-383.0,2757.0,2757.0,-0.13891911498005077,1.0
2019-10-01 09:59:00+02:00,636.0,636.0,636.0,1.0,1.0
2019-10-01 10:00:00+02:00,-788.0,1682.0,1682.0,-0.4684898929845422,1.0
2019-10-01 10:01:00+02:00,-1609.0,2479.0,2479.0,-0.6490520371117386,1.0
2019-10-01 10:02:00+02:00,-1856.0,3472.0,3472.0,-0.5345622119815668,1.0
2019-10-01 10:03:00+02:00,429.0,3183.0,3183.0,0.1347785108388313,1.0
2019-10-01 10:04:00+02:00,159.0,479.0,479.0,0.33194154488517746,1.0
2019-10-01 10:05:00+02:00,82.0,1952.0,1952.0,0.042008196721311473,1.0
2019-10-01 10:06:00+02:00,-15.0,1669.0,1669.0,-0.008987417615338526,1.0
2019-10-01 10:07:00+02:00,-463.0,1911.0,1911.0,-0.2422815279958137,1.0
2019-10-01 10:08:00+02:00,-709.0,1233.0,1233.0,-0.5750202757502028,1.0
2019-10-01 10:09:00+02:00,813.0,1941.0,1941.0,0.4188562596599691,1.0
2019-10-01 10:10:00+02:00,403.0,1119.0,1119.0,0.36014298480786416,1.0
2019-10-01 10:11:00+02:00,-853.0,1289.0,1289.0,-0.6617532971295578,1.0
2019-10-01 10:12:00+02:00,1161.0,2061.0,2061.0,0.5633187772925764,1.0
2019-10-01 10:13:00+02:00,449.0,509.0,509.0,0.8821218074656189,1.0
2019-10-01 10:14:00+02:00,-254.0,254.0,254.0,-1.0,1.0
2019-10-01 10:15:00+02:00,973.0,1567.0,1567.0,0.6209317166560306,1.0
2019-10-01 10:16:00+02:00,325.0,1287.0,1287.0,0.25252525252525254,1.0
2019-10-01 10:17:00+02:00,-262.0,872.0,872.0,-0.30045871559633025,1.0
2019-10-01 10:18:00+02:00,-44.0,434.0,434.0,-0.10138248847926268,1.0
2019-10-01 10:19:00+02:00,-96.0,900.0,900.0,-0.10666666666666667,1.0
2019-10-01 10:20:00+02:00,256.0,924.0,924.0,0.27705627705627706,1.0
2019-10-01 10:21:00+02:00,1496.0,2052.0,2052.0,0.7290448343079922,1.0
2019-10-01 10:22:00+02:00,-545.0,787.0,787.0,-0.6925031766200762,1.0
2019-10-01 10:23:00+02:00,535.0,1053.0,1053.0,0.5080721747388414,1.0
2019-10-01 10:24:00+02:00,-304.0,304.0,304.0,-1.0,1.0
2019-10-01 10:25:00+02:00,-577.0,721.0,721.0,-0.8002773925104022,1.0
2019-10-01 10:26:00+02:00,352.0,450.0,450.0,0.7822222222222223,1.0
2019-10-01 10:27:00+02:00,15.0,1261.0,1261.0,0.011895321173671689,1.0
2019-10-01 10:28:00+02:00,0.0,0.0,0.0,,
2019-10-01 10:29:00+02:00,-320.0,320.0,320.0,-1.0,1.0
2019-10-01 10:30:00+02:00,-150.0,1758.0,1758.0,-0.08532423208191127,1.0
2019-10-01 10:31:00+02:00,-1143.0,2165.0,2165.0,-0.5279445727482679,1.0
2019-10-01 10:32:00+02:00,688.0,5522.0,5522.0,0.12459253893516842,1.0
2019-10-01 10:33:00+02:00,859.0,1493.0,1493.0,0.5753516409912927,1.0
2019-10-01 10:34:00+02:00,387.0,957.0,957.0,0.4043887147335423,1.0
2019-10-01 10:35:00+02:00,-196.0,590.0,590.0,-0.33220338983050846,1.0
2019-10-01 10:36:00+02:00,535.0,1367.0,1367.0,0.3913679590343819,1.0
2019-10-01 10:37:00+02:00,-4648.0,8582.0,8582.0,-0.5415986949429038,1.0
2019-10-01 10:38:00+02:00,1281.0,2001.0,2001.0,0.6401799100449775,1.0
2019-10-01 10:39:00+02:00,-163.0,925.0,925.0,-0.17621621621621622,1.0
2019-10-01 10:40:00+02:00,-1330.0,2424.0,2424.0,-0.5486798679867987,1.0
2019-10-01 10:41:00+02:00,1246.0,2668.0,2668.0,0.46701649175412296,1.0
2019-10-01 10:42:00+02:00,-22.0,432.0,432.0,-0.05092592592592592,1.0
2019-10-01 10:43:00+02:00,272.0,928.0,928.0,0.29310344827586204,1.0
2019-10-01 10:44:00+02:00,417.0,473.0,473.0,0.8816067653276956,1.0
2019-10-01 10:45:00+02:00,-85.0,85.0,85.0,-1.0,1.0
2019-10-01 10:46:00+02:00,164.0,886.0,886.0,0.18510158013544017,1.0
2019-10-01 10:47:00+02:00,-726.0,1470.0,1470.0,-0.49387755102040815,1.0
2019-10-01 10:48:00+02:00,615.0,737.0,737.0,0.8344640434192673,1.0
2019-10-01 10:49:00+02:00,547.0,1685.0,1685.0,0.32462908011869435,1.0
2019-10-01 10:50:00+02:00,147.0,571.0,571.0,0.2574430823117338,1.0
2019-10-01 10:51:00+02:00,-18.0,550.0,550.0,-0.03272727272727273,1.0
2019-10-01 10:52:00+02:00,-116.0,1472.0,1472.0,-0.07880434782608696,1.0
2019-10-01 10:53:00+02:00,-135.0,1979.0,1979.0,-0.06821627084386053,1.0
2019-10-01 10:54:00+02:00,22.0,888.0,888.0,0.024774774774774775,1.0
2019-10-01 10:55:00+02:00,-2390.0,3664.0,3664.0,-0.652292576419214,1.0
2019-10-01 10:56:00+02:00,485.0,485.0,485.0,1.0,1.0
2019-10-01 10:57:00+02:00,-222.0,2486.0,2486.0,-0.08930008045052293,1.0
2019-10-01 10:58:00+02:00,-2717.0,4039.0,4039.0,-0.672691260212924,1.0
2019-10-01 10:59:00+02:00,1518.0,2136.0,2136.0,0.7106741573033708,1.0
2019-10-01 11:00:00+02:00,276.0,1076.0,1076.0,0.25650557620817843,1.0
2019-10-01 11:01:00+02:00,-33.0,857.0,857.0,-0.038506417736289385,1.0
2019-10-01 11:02:00+02:00,-866.0,2132.0,2132.0,-0.40619136960600377,1.0
2019-10-01 11:03:00+02:00,390.0,1086.0,1086.0,0.35911602209944754,1.0
2019-10-01 11:04:00+02:00,891.0,1071.0,1071.0,0.8319327731092437,1.0
2019-10-01 11:05:00+02:00,-118.0,866.0,866.0,-0.13625866050808313,1.0
2019-10-01 11:06:00+02:00,692.0,1608.0,1608.0,0.43034825870646765,1.0
2019-10-01 11:07:00+02:00,-355.0,759.0,759.0,-0.46772068511198944,1.0
2019-10-01 11:08:00+02:00,252.0,338.0,338.0,0.7455621301775148,1.0
2019-10-01 11:09:00+02:00,428.0,428.0,428.0,1.0,1.0
2019-10-01 11:10:00+02:00,-1073.0,2147.0,2147.0,-0.4997671169073125,1.0
2019-10-01 11:11:00+02:00,-495.0,1493.0,1493.0,-0.3315472203616879,1.0
2019-10-01 11:12:00+02:00,390.0,814.0,814.0,0.47911547911547914,1.0
2019-10-01 11:13:00+02:00,360.0,506.0,506.0,0.7114624505928854,1.0
2019-10-01 11:14:00+02:00,-562.0,1964.0,1964.0,-0.2861507128309572,1.0
2019-10-01 11:15:00+02:00,1556.0,2884.0,2884.0,0.5395284327323162,1.0
2019-10-01 11:16:00+02:00,656.0,2514.0,2514.0,0.2609387430389817,1.0
2019-10-01 11:17:00+02:00,-352.0,2476.0,2476.0,-0.1421647819063005,1.0
2019-10-01 11:18:00+02:00,740.0,3628.0,3628.0,0.2039691289966924,1.0
2019-10-01 11:19:00+02:00,420.0,1356.0,1356.0,0.30973451327433627,1.0
2019-10-01 11:20:00+02:00,-311.0,311.0,311.0,-1.0,1.0
2019-10-01 11:21:00+02:00,-1829.0,1829.0,1829.0,-1.0,1.0
2019-10-01 11:22:00+02:00,227.0,227.0,227.0,1.0,1.0
2019-10-01 11:23:00+02:00,180.0,984.0,984.0,0.18292682926829268,1.0
2019-10-01 11:24:00+02:00,-786.0,1452.0,1452.0,-0.5413223140495868,1.0
2019-10-01 11:25:00+02:00,-406.0,4994.0,4994.0,-0.08129755706848218,1.0
2019-10-01 11:26:00+02:00,-4611.0,7463.0,7463.0,-0.617848050381884,1.0
2019-10-01 11:27:00+02:00,-624.0,1008.0,1008.0,-0.6190476190476191,1.0
2019-10-01 11:28:00+02:00,884.0,1554.0,1554.0,0.5688545688545689,1.0
2019-10-01 11:29:00+02:00,177.0,1181.0,1181.0,0.14987298899237933,1.0
2019-10-01 11:30:00+02:00,-394.0,906.0,906.0,-0.434878587196468,1.0
2019-10-01 11:31:00+02:00,-421.0,1643.0,1643.0,-0.256238587948874,1.0
2019-10-01 11:32:00+02:00,-831.0,1647.0,1647.0,-0.5045537340619308,1.0
2019-10-01 11:33:00+02:00,384.0,384.0,384.0,1.0,1.0
2019-10-01 11:34:00+02:00,21.0,231.0,231.0,0.09090909090909091,1.0
2019-10-01 11:35:00+02:00,417.0,417.0,417.0,1.0,1.0
2019-10-01 11:36:00+02:00,39.0,289.0,289.0,0.13494809688581316,1.0
2019-10-01 11:37:00+02:00,-333.0,333.0,333.0,-1.0,1.0
2019-10-01 11:38:00+02:00,-539.0,887.0,887.0,-0.6076662908680946,1.0
2019-10-01 11:39:00+02:00,-104.0,496.0,496.0,-0.20967741935483872,1.0
2019-10-01 11:40:00+02:00,-80.0,80.0,80.0,-1.0,1.0
2019-10-01 11:41:00+02:00,412.0,904.0,904.0,0.4557522123893805,1.0
2019-10-01 11:42:00+02:00,-309.0,933.0,933.0,-0.3311897106109325,1.0
2019-10-01 11:43:00+02:00,177.0,1307.0,1307.0,0.135424636572303,1.0
2019-10-01 11:44:00+02:00,519.0,519.0,519.0,1.0,1.0
2019-10-01 11:45:00+02:00,-2255.0,2901.0,2901.0,-0.7773181661496036,1.0
2019-10-01 11:46:00+02:00,8.0,2226.0,2226.0,0.0035938903863432167,1.0
2019-10-01 11:47:00+02:00,0.0,0.0,0.0,,
2019-10-01 11:48:00+02:00,0.0,0.0,0.0,,
2019-10-01 11:49:00+02:00,549.0,915.0,915.0,0.6,1.0
2019-10-01 11:50:00+02:00,-24.0,546.0,546.0,-0.04395604395604396,1.0
2019-10-01 11:51:00+02:00,563.0,563.0,563.0,1.0,1.0
2019-10-01 11:52:00+02:00,-73.0,653.0,653.0,-0.11179173047473201,1.0
2019-10-01 11:53:00+02:00,-113.0,113.0,113.0,-1.0,1.0
2019-10-01 11:54:00+02:00,333.0,933.0,933.0,0.35691318327974275,1.0
2019-10-01 11:55:00+02:00,272.0,672.0,672.0,0.40476190476190477,1.0
2019-10-01 11:56:00+02:00,413.0,567.0,567.0,0.7283950617283951,1.0
2019-10-01 11:57:00+02:00,186.0,678.0,678.0,0.2743362831858407,1.0
2019-10-01 11:58:00+02:00,-80.0,80.0,80.0,-1.0,1.0
2019-10-01 11:59:00+02:00,-45.0,1419.0,1419.0,-0.03171247357293869,1.0
2019-10-01 12:00:00+02:00,141.0,1073.0,1073.0,0.13140726933830382,1.0
2019-10-01 12:01:00+02:00,283.0,825.0,825.0,0.343030303030303,1.0
2019-10-01 12:02:00+02:00,489.0,1759.0,1759.0,0.27799886299033544,1.0
2019-10-01 12:03:00+02:00,532.0,836.0,836.0,0.6363636363636364,1.0
2019-10-01 12:04:00+02:00,295.0,295.0,295.0,1.0,1.0
2019-10-01 12:05:00+02:00,-493.0,1223.0,1223.0,-0.40310711365494684,1.0
2019-10-01 12:06:00+02:00,-497.0,1713.0,1713.0,-0.29013426736719206,1.0
2019-10-01 12:07:00+02:00,70.0,70.0,70.0,1.0,1.0
2019-10-01 12:08:00+02:00,547.0,547.0,547.0,1.0,1.0
2019-10-01 12:09:00+02:00,-469.0,469.0,469.0,-1.0,1.0
2019-10-01 12:10:00+02:00,-237.0,463.0,463.0,-0.5118790496760259,1.0
2019-10-01 12:11:00+02:00,114.0,114.0,114.0,1.0,1.0
2019-10-01 12:12:00+02:00,22.0,1146.0,1146.0,0.019197207678883072,1.0
2019-10-01 12:13:00+02:00,-124.0,266.0,266.0,-0.46616541353383456,1.0
2019-10-01 12:14:00+02:00,24.0,24.0,24.0,1.0,1.0
2019-10-01 12:15:00+02:00,222.0,610.0,610.0,0.3639344262295082,1.0
2019-10-01 12:16:00+02:00,61.0,981.0,981.0,0.06218144750254842,1.0
2019-10-01 12:17:00+02:00,-52.0,1052.0,1052.0,-0.049429657794676805,1.0
2019-10-01 12:18:00+02:00,-416.0,1936.0,1936.0,-0.21487603305785125,1.0
2019-10-01 12:19:00+02:00,602.0,1098.0,1098.0,0.5482695810564663,1.0
2019-10-01 12:20:00+02:00,-807.0,807.0,807.0,-1.0,1.0
2019-10-01 12:21:00+02:00,50.0,250.0,250.0,0.2,1.0
2019-10-01 12:22:00+02:00,-338.0,382.0,382.0,-0.8848167539267016,1.0
2019-10-01 12:23:00+02:00,-51.0,51.0,51.0,-1.0,1.0
2019-10-01 12:24:00+02:00,-90.0,90.0,90.0,-1.0,1.0
2019-10-01 12:25:00+02:00,130.0,130.0,130.0,1.0,1.0
2019-10-01 12:26:00+02:00,449.0,1131.0,1131.0,0.39699381078691426,1.0
2019-10-01 12:27:00+02:00,-170.0,330.0,330.0,-0.5151515151515151,1.0
2019-10-01 12:28:00+02:00,-1240.0,1240.0,1240.0,-1.0,1.0
2019-10-01 12:29:00+02:00,276.0,924.0,924.0,0.2987012987012987,1.0
2019-10-01 12:30:00+02:00,0.0,0.0,0.0,,
2019-10-01 12:31:00+02:00,0.0,0.0,0.0,,
2019-10-01 12:32:00+02:00,174.0,174.0,174.0,1.0,1.0
2019-10-01 12:33:00+02:00,-1250.0,1250.0,1250.0,-1.0,1.0
2019-10-01 12:34:00+02:00,738.0,738.0,738.0,1.0,1.0
2019-10-01 12:35:00+02:00,-391.0,487.0,487.0,-0.8028747433264887,1.0
2019-10-01 12:36:00+02:00,-231.0,489.0,489.0,-0.4723926380368098,1.0
2019-10-01 12:37:00+02:00,410.0,480.0,480.0,0.8541666666666666,1.0
2019-10-01 12:38:00+02:00,120.0,1140.0,1140.0,0.10526315789473684,1.0
2019-10-01 12:39:00+02:00,337.0,337.0,337.0,1.0,1.0
2019-10-01 12:40:00+02:00,-532.0,532.0,532.0,-1.0,1.0
2019-10-01 12:41:00+02:00,-369.0,369.0,369.0,-1.0,1.0
2019-10-01 12:42:00+02:00,648.0,2336.0,2336.0,0.2773972602739726,1.0
2019-10-01 12:43:00+02:00,75.0,1197.0,1197.0,0.06265664160401002,1.0
2019-10-01 12:44:00+02:00,-274.0,274.0,274.0,-1.0,1.0
2019-10-01 12:45:00+02:00,-345.0,561.0,561.0,-0.6149732620320856,1.0
2019-10-01 12:46:00+02:00,817.0,817.0,817.0,1.0,1.0
2019-10-01 12:47:00+02:00,1490.0,1490.0,1490.0,1.0,1.0
2019-10-01 12:48:00+02:00,-313.0,313.0,313.0,-1.0,1.0
2019-10-01 12:49:00+02:00,124.0,424.0,424.0,0.29245283018867924,1.0
2019-10-01 12:50:00+02:00,-121.0,169.0,169.0,-0.7159763313609467,1.0
2019-10-01 12:51:00+02:00,-459.0,759.0,759.0,-0.6047430830039525,1.0
2019-10-01 12:52:00+02:00,710.0,3362.0,3362.0,0.2111838191552647,1.0
2019-10-01 12:53:00+02:00,126.0,400.0,400.0,0.315,1.0
2019-10-01 12:54:00+02:00,-40.0,242.0,242.0,-0.1652892561983471,1.0
2019-10-01 12:55:00+02:00,-182.0,212.0,212.0,-0.8584905660377359,1.0
2019-10-01 12:56:00+02:00,836.0,1386.0,1386.0,0.6031746031746031,1.0
2019-10-01 12:57:00+02:00,59.0,369.0,369.0,0.15989159891598917,1.0
2019-10-01 12:58:00+02:00,268.0,268.0,268.0,1.0,1.0
2019-10-01 12:59:00+02:00,-427.0,669.0,669.0,-0.6382660687593423,1.0
2019-10-01 13:00:00+02:00,736.0,2286.0,2286.0,0.3219597550306212,1.0
2019-10-01 13:01:00+02:00,0.0,0.0,0.0,,
2019-10-01 13:02:00+02:00,23.0,23.0,23.0,1.0,1.0
2019-10-01 13:03:00+02:00,169.0,669.0,669.0,0.2526158445440957,1.0
2019-10-01 13:04:00+02:00,263.0,2761.0,2761.0,0.09525534226729446,1.0
2019-10-01 13:05:00+02:00,91.0,209.0,209.0,0.4354066985645933,1.0
2019-10-01 13:06:00+02:00,356.0,356.0,356.0,1.0,1.0
2019-10-01 13:07:00+02:00,133.0,133.0,133.0,1.0,1.0
2019-10-01 13:08:00+02:00,336.0,364.0,364.0,0.9230769230769231,1.0
2019-10-01 13:09:00+02:00,25.0,25.0,25.0,1.0,1.0
2019-10-01 13:10:00+02:00,-70.0,70.0,70.0,-1.0,1.0
2019-10-01 13:11:00+02:00,168.0,168.0,168.0,1.0,1.0
2019-10-01 13:12:00+02:00,1017.0,2341.0,2341.0,0.43442973088423753,1.0
2019-10-01 13:13:00+02:00,-1775.0,3353.0,3353.0,-0.5293766776021473,1.0
2019-10-01 13:14:00+02:00,1026.0,1026.0,1026.0,1.0,1.0
2019-10-01 13:15:00+02:00,691.0,1691.0,1691.0,0.4086339444115908,1.0
2019-10-01 13:16:00+02:00,407.0,1079.0,1079.0,0.37720111214087115,1.0
2019-10-01 13:17:00+02:00,489.0,873.0,873.0,0.5601374570446735,1.0
2019-10-01 13:18:00+02:00,-187.0,617.0,617.0,-0.30307941653160453,1.0
2019-10-01 13:19:00+02:00,-24.0,728.0,728.0,-0.03296703296703297,1.0
2019-10-01 13:20:00+02:00,82.0,118.0,118.0,0.6949152542372882,1.0
2019-10-01 13:21:00+02:00,-478.0,616.0,616.0,-0.775974025974026,1.0
2019-10-01 13:22:00+02:00,673.0,881.0,881.0,0.7639046538024972,1.0
2019-10-01 13:23:00+02:00,491.0,491.0,491.0,1.0,1.0
2019-10-01 13:24:00+02:00,-224.0,224.0,224.0,-1.0,1.0
2019-10-01 13:25:00+02:00,-54.0,422.0,422.0,-0.12796208530805686,1.0
2019-10-01 13:26:00+02:00,-725.0,3917.0,3917.0,-0.1850906305846311,1.0
2019-10-01 13:27:00+02:00,48.0,562.0,562.0,0.08540925266903915,1.0
2019-10-01 13:28:00+02:00,0.0,0.0,0.0,,
2019-10-01 13:29:00+02:00,-51.0,953.0,953.0,-0.053515215110178385,1.0
2019-10-01 13:30:00+02:00,1423.0,1423.0,1423.0,1.0,1.0
2019-10-01 13:31:00+02:00,922.0,1204.0,1204.0,0.7657807308970099,1.0
2019-10-01 13:32:00+02:00,0.0,0.0,0.0,,
2019-10-01 13:33:00+02:00,150.0,150.0,150.0,1.0,1.0
2019-10-01 13:34:00+02:00,-254.0,294.0,294.0,-0.8639455782312925,1.0
2019-10-01 13:35:00+02:00,-239.0,559.0,559.0,-0.4275491949910555,1.0
2019-10-01 13:36:00+02:00,-740.0,740.0,740.0,-1.0,1.0
2019-10-01 13:37:00+02:00,559.0,559.0,559.0,1.0,1.0
2019-10-01 13:38:00+02:00,-14.0,80.0,80.0,-0.175,1.0
2019-10-01 13:39:00+02:00,797.0,797.0,797.0,1.0,1.0
2019-10-01 13:40:00+02:00,164.0,164.0,164.0,1.0,1.0
2019-10-01 13:41:00+02:00,-150.0,420.0,420.0,-0.35714285714285715,1.0
2019-10-01 13:42:00+02:00,-90.0,90.0,90.0,-1.0,1.0
2019-10-01 13:43:00+02:00,83.0,617.0,617.0,0.13452188006482982,1.0
2019-10-01 13:44:00+02:00,812.0,812.0,812.0,1.0,1.0
2019-10-01 13:45:00+02:00,-199.0,335.0,335.0,-0.5940298507462687,1.0
2019-10-01 13:46:00+02:00,98.0,978.0,978.0,0.10020449897750511,1.0
2019-10-01 13:47:00+02:00,402.0,402.0,402.0,1.0,1.0
2019-10-01 13:48:00+02:00,-1496.0,1496.0,1496.0,-1.0,1.0
2019-10-01 13:49:00+02:00,-218.0,1054.0,1054.0,-0.20683111954459202,1.0
2019-10-01 13:50:00+02:00,-208.0,586.0,586.0,-0.35494880546075086,1.0
2019-10-01 13:51:00+02:00,570.0,1050.0,1050.0,0.5428571428571428,1.0
2019-10-01 13:52:00+02:00,211.0,397.0,397.0,0.5314861460957179,1.0
2019-10-01 13:53:00+02:00,0.0,0.0,0.0,,
2019-10-01 13:54:00+02:00,539.0,539.0,539.0,1.0,1.0
2019-10-01 13:55:00+02:00,-249.0,1799.0,1799.0,-0.13841022790439134,1.0
2019-10-01 13:56:00+02:00,-45.0,593.0,593.0,-0.07588532883642496,1.0
2019-10-01 13:57:00+02:00,507.0,507.0,507.0,1.0,1.0
2019-10-01 13:58:00+02:00,-271.0,471.0,471.0,-0.5753715498938429,1.0
2019-10-01 13:59:00+02:00,588.0,588.0,588.0,1.0,1.0
2019-10-01 14:00:00+02:00,-847.0,1307.0,1307.0,-0.6480489671002295,1.0
2019-10-01 14:01:00+02:00,0.0,806.0,806.0,0.0,1.0
2019-10-01 14:02:00+02:00,550.0,1276.0,1276.0,0.43103448275862066,1.0
2019-10-01 14:03:00+02:00,610.0,818.0,818.0,0.7457212713936431,1.0
2019-10-01 14:04:00+02:00,-169.0,223.0,223.0,-0.757847533632287,1.0
2019-10-01 14:05:00+02:00,99.0,201.0,201.0,0.4925373134328358,1.0
2019-10-01 14:06:00+02:00,0.0,0.0,0.0,,
2019-10-01 14:07:00+02:00,-12.0,774.0,774.0,-0.015503875968992248,1.0
2019-10-01 14:08:00+02:00,-94.0,94.0,94.0,-1.0,1.0
2019-10-01 14:09:00+02:00,-232.0,244.0,244.0,-0.9508196721311475,1.0
2019-10-01 14:10:00+02:00,840.0,1466.0,1466.0,0.572987721691678,1.0
2019-10-01 14:11:00+02:00,286.0,286.0,286.0,1.0,1.0
2019-10-01 14:12:00+02:00,-672.0,672.0,672.0,-1.0,1.0
2019-10-01 14:13:00+02:00,616.0,772.0,772.0,0.7979274611398963,1.0
2019-10-01 14:14:00+02:00,-884.0,1978.0,1978.0,-0.44691607684529827,1.0
2019-10-01 14:15:00+02:00,583.0,593.0,593.0,0.9831365935919055,1.0
2019-10-01 14:16:00+02:00,2400.0,3118.0,3118.0,0.7697241821680565,1.0
2019-10-01 14:17:00+02:00,637.0,1005.0,1005.0,0.6338308457711442,1.0
2019-10-01 14:18:00+02:00,-90.0,696.0,696.0,-0.12931034482758622,1.0
2019-10-01 14:19:00+02:00,479.0,861.0,861.0,0.5563298490127758,1.0
2019-10-01 14:20:00+02:00,661.0,661.0,661.0,1.0,1.0
2019-10-01 14:21:00+02:00,82.0,82.0,82.0,1.0,1.0
2019-10-01 14:22:00+02:00,-480.0,480.0,480.0,-1.0,1.0
2019-10-01 14:23:00+02:00,928.0,1792.0,1792.0,0.5178571428571429,1.0
2019-10-01 14:24:00+02:00,-433.0,433.0,433.0,-1.0,1.0
2019-10-01 14:25:00+02:00,188.0,356.0,356.0,0.5280898876404494,1.0
2019-10-01 14:26:00+02:00,2603.0,3775.0,3775.0,0.6895364238410596,1.0
2019-10-01 14:27:00+02:00,-33.0,1507.0,1507.0,-0.021897810218978103,1.0
2019-10-01 14:28:00+02:00,434.0,840.0,840.0,0.5166666666666667,1.0
2019-10-01 14:29:00+02:00,1067.0,1413.0,1413.0,0.7551309271054494,1.0
2019-10-01 14:30:00+02:00,0.0,0.0,0.0,,
2019-10-01 14:31:00+02:00,403.0,403.0,403.0,1.0,1.0
2019-10-01 14:32:00+02:00,77.0,691.0,691.0,0.11143270622286541,1.0
2019-10-01 14:33:00+02:00,-130.0,130.0,130.0,-1.0,1.0
2019-10-01 14:34:00+02:00,198.0,294.0,294.0,0.673469387755102,1.0
2019-10-01 14:35:00+02:00,-267.0,611.0,611.0,-0.4369885433715221,1.0
2019-10-01 14:36:00+02:00,1233.0,1375.0,1375.0,0.8967272727272727,1.0
2019-10-01 14:37:00+02:00,45.0,373.0,373.0,0.12064343163538874,1.0
2019-10-01 14:38:00+02:00,476.0,1150.0,1150.0,0.41391304347826086,1.0
2019-10-01 14:39:00+02:00,604.0,1360.0,1360.0,0.4441176470588235,1.0
2019-10-01 14:40:00+02:00,-179.0,1789.0,1789.0,-0.10005589714924538,1.0
2019-10-01 14:41:00+02:00,12.0,1106.0,1106.0,0.0108499095840868,1.0
2019-10-01 14:42:00+02:00,1301.0,2411.0,2411.0,0.5396101202820407,1.0
2019-10-01 14:43:00+02:00,772.0,1802.0,1802.0,0.4284128745837958,1.0
2019-10-01 14:44:00+02:00,1208.0,3732.0,3732.0,0.3236870310825295,1.0
2019-10-01 14:45:00+02:00,-127.0,507.0,507.0,-0.2504930966469428,1.0
2019-10-01 14:46:00+02:00,-433.0,967.0,967.0,-0.44777662874870733,1.0
2019-10-01 14:47:00+02:00,1537.0,3339.0,3339.0,0.4603174603174603,1.0
2019-10-01 14:48:00+02:00,574.0,574.0,574.0,1.0,1.0
2019-10-01 14:49:00+02:00,13.0,523.0,523.0,0.0248565965583174,1.0
2019-10-01 14:50:00+02:00,-236.0,1846.0,1846.0,-0.12784398699891658,1.0
2019-10-01 14:51:00+02:00,24.0,24.0,24.0,1.0,1.0
2019-10-01 14:52:00+02:00,586.0,1066.0,1066.0,0.549718574108818,1.0
2019-10-01 14:53:00+02:00,734.0,2010.0,2010.0,0.36517412935323385,1.0
2019-10-01 14:54:00+02:00,-322.0,322.0,322.0,-1.0,1.0
2019-10-01 14:55:00+02:00,-360.0,660.0,660.0,-0.5454545454545454,1.0
2019-10-01 14:56:00+02:00,0.0,0.0,0.0,,
2019-10-01 14:57:00+02:00,0.0,0.0,0.0,,
2019-10-01 14:58:00+02:00,0.0,0.0,0.0,,
2019-10-01 14:59:00+02:00,927.0,1471.0,1471.0,0.6301835486063903,1.0
2019-10-01 15:00:00+02:00,380.0,588.0,588.0,0.6462585034013606,1.0
2019-10-01 15:01:00+02:00,1757.0,1827.0,1827.0,0.9616858237547893,1.0
2019-10-01 15:02:00+02:00,-125.0,125.0,125.0,-1.0,1.0
2019-10-01 15:03:00+02:00,334.0,334.0,334.0,1.0,1.0
2019-10-01 15:04:00+02:00,297.0,297.0,297.0,1.0,1.0
2019-10-01 15:05:00+02:00,-369.0,411.0,411.0,-0.8978102189781022,1.0
2019-10-01 15:06:00+02:00,-2529.0,4627.0,4627.0,-0.5465744542900367,1.0
2019-10-01 15:07:00+02:00,-2736.0,6316.0,6316.0,-0.4331855604813173,1.0
2019-10-01 15:08:00+02:00,2858.0,4600.0,4600.0,0.621304347826087,1.0
2019-10-01 15:09:00+02:00,1552.0,1822.0,1822.0,0.8518111964873765,1.0
2019-10-01 15:10:00+02:00,1931.0,3489.0,3489.0,0.5534537116652336,1.0
2019-10-01 15:11:00+02:00,326.0,326.0,326.0,1.0,1.0
2019-10-01 15:12:00+02:00,-327.0,1271.0,1271.0,-0.25727773406766324,1.0
2019-10-01 15:13:00+02:00,148.0,736.0,736.0,0.20108695652173914,1.0
2019-10-01 15:14:00+02:00,-273.0,273.0,273.0,-1.0,1.0
2019-10-01 15:15:00+02:00,654.0,1254.0,1254.0,0.5215311004784688,1.0
2019-10-01 15:16:00+02:00,17.0,789.0,789.0,0.021546261089987327,1.0
2019-10-01 15:17:00+02:00,956.0,956.0,956.0,1.0,1.0
2019-10-01 15:18:00+02:00,132.0,382.0,382.0,0.34554973821989526,1.0
2019-10-01 15:19:00+02:00,637.0,687.0,687.0,0.9272197962154294,1.0
2019-10-01 15:20:00+02:00,552.0,752.0,752.0,0.7340425531914894,1.0
2019-10-01 15:21:00+02:00,210.0,484.0,484.0,0.43388429752066116,1.0
2019-10-01 15:22:00+02:00,173.0,173.0,173.0,1.0,1.0
2019-10-01 15:23:00+02:00,-196.0,196.0,196.0,-1.0,1.0
2019-10-01 15:24:00+02:00,1173.0,1821.0,1821.0,0.6441515650741351,1.0
2019-10-01 15:25:00+02:00,405.0,405.0,405.0,1.0,1.0
2019-10-01 15:26:00+02:00,745.0,1981.0,1981.0,0.37607269056032305,1.0
2019-10-01 15:27:00+02:00,-2236.0,2982.0,2982.0,-0.749832327297116,1.0
2019-10-01 15:28:00+02:00,758.0,1950.0,1950.0,0.38871794871794874,1.0
2019-10-01 15:29:00+02:00,-78.0,1422.0,1422.0,-0.05485232067510549,1.0
2019-10-01 15:30:00+02:00,1261.0,3235.0,3235.0,0.38979907264296754,1.0
2019-10-01 15:31:00+02:00,114.0,2422.0,2422.0,0.04706853839801817,1.0
2019-10-01 15:32:00+02:00,1673.0,3613.0,3613.0,0.4630500968724052,1.0
2019-10-01 15:33:00+02:00,1171.0,3789.0,3789.0,0.30905252045394566,1.0
2019-10-01 15:34:00+02:00,-335.0,1827.0,1827.0,-0.1833607006020799,1.0
2019-10-01 15:35:00+02:00,1450.0,1612.0,1612.0,0.8995037220843672,1.0
2019-10-01 15:36:00+02:00,-845.0,1411.0,1411.0,-0.5988660524450744,1.0
2019-10-01 15:37:00+02:00,583.0,3551.0,3551.0,0.16417910447761194,1.0
2019-10-01 15:38:00+02:00,-364.0,3958.0,3958.0,-0.0919656392117231,1.0
2019-10-01 15:39:00+02:00,2245.0,11777.0,11777.0,0.19062579604313493,1.0
2019-10-01 15:40:00+02:00,4646.0,8306.0,8306.0,0.5593546833614255,1.0
2019-10-01 15:41:00+02:00,601.0,5857.0,5857.0,0.10261225883558135,1.0
2019-10-01 15:42:00+02:00,699.0,1555.0,1555.0,0.4495176848874598,1.0
2019-10-01 15:43:00+02:00,226.0,374.0,374.0,0.6042780748663101,1.0
2019-10-01 15:44:00+02:00,-476.0,2948.0,2948.0,-0.1614654002713704,1.0
2019-10-01 15:45:00+02:00,2308.0,3208.0,3208.0,0.7194513715710723,1.0
2019-10-01 15:46:00+02:00,1349.0,1917.0,1917.0,0.7037037037037037,1.0
2019-10-01 15:47:00+02:00,-50.0,822.0,822.0,-0.06082725060827251,1.0
2019-10-01 15:48:00+02:00,349.0,2213.0,2213.0,0.157704473565296,1.0
2019-10-01 15:49:00+02:00,-887.0,2929.0,2929.0,-0.302833731649027,1.0
2019-10-01 15:50:00+02:00,981.0,3145.0,3145.0,0.31192368839427664,1.0
2019-10-01 15:51:00+02:00,1146.0,2062.0,2062.0,0.5557710960232783,1.0
2019-10-01 15:52:00+02:00,-545.0,2115.0,2115.0,-0.2576832151300236,1.0
2019-10-01 15:53:00+02:00,-277.0,691.0,691.0,-0.40086830680173663,1.0
2019-10-01 15:54:00+02:00,527.0,3277.0,3277.0,0.16081782117790663,1.0
2019-10-01 15:55:00+02:00,-3785.0,5091.0,5091.0,-0.7434688666273817,1.0
2019-10-01 15:56:00+02:00,1165.0,1165.0,1165.0,1.0,1.0
2019-10-01 15:57:00+02:00,1023.0,2295.0,2295.0,0.44575163398692813,1.0
2019-10-01 15:58:00+02:00,7.0,2471.0,2471.0,0.0028328611898017,1.0
2019-10-01 15:59:00+02:00,756.0,4156.0,4156.0,0.18190567853705486,1.0
2019-10-01 16:00:00+02:00,-1293.0,8209.0,8209.0,-0.1575100499451821,1.0
2019-10-01 16:01:00+02:00,844.0,3456.0,3456.0,0.24421296296296297,1.0
2019-10-01 16:02:00+02:00,-1873.0,4221.0,4221.0,-0.4437337123904288,1.0
2019-10-01 16:03:00+02:00,-3744.0,9530.0,9530.0,-0.3928646379853096,1.0
2019-10-01 16:04:00+02:00,-130.0,2850.0,2850.0,-0.0456140350877193,1.0
2019-10-01 16:05:00+02:00,-902.0,4768.0,4768.0,-0.1891778523489933,1.0
2019-10-01 16:06:00+02:00,154.0,3494.0,3494.0,0.044075558099599316,1.0
2019-10-01 16:07:00+02:00,-2405.0,4037.0,4037.0,-0.5957394104533069,1.0
2019-10-01 16:08:00+02:00,2318.0,6912.0,6912.0,0.3353587962962963,1.0
2019-10-01 16:09:00+02:00,-23.0,5857.0,5857.0,-0.003926925046952365,1.0
2019-10-01 16:10:00+02:00,-1086.0,6298.0,6298.0,-0.1724356938710702,1.0
2019-10-01 16:11:00+02:00,629.0,2081.0,2081.0,0.30225852955309945,1.0
2019-10-01 16:12:00+02:00,6163.0,11211.0,11211.0,0.5497279457675497,1.0
2019-10-01 16:13:00+02:00,823.0,6645.0,6645.0,0.1238525206922498,1.0
2019-10-01 16:14:00+02:00,-802.0,2516.0,2516.0,-0.31875993640699524,1.0
2019-10-01 16:15:00+02:00,1181.0,2147.0,2147.0,0.5500698649278063,1.0
2019-10-01 16:16:00+02:00,1204.0,6376.0,6376.0,0.18883312421580928,1.0
2019-10-01 16:17:00+02:00,-817.0,1207.0,1207.0,-0.6768848384424192,1.0
2019-10-01 16:18:00+02:00,6654.0,8228.0,8228.0,0.8087019931939718,1.0
2019-10-01 16:19:00+02:00,-1183.0,7967.0,7967.0,-0.14848751098280408,1.0
2019-10-01 16:20:00+02:00,-425.0,2257.0,2257.0,-0.18830305715551618,1.0
2019-10-01 16:21:00+02:00,341.0,1051.0,1051.0,0.32445290199809707,1.0
2019-10-01 16:22:00+02:00,-1385.0,5265.0,5265.0,-0.2630579297245964,1.0
2019-10-01 16:23:00+02:00,1736.0,2660.0,2660.0,0.6526315789473685,1.0
2019-10-01 16:24:00+02:00,1039.0,1781.0,1781.0,0.5833801235261089,1.0
2019-10-01 16:25:00+02:00,1258.0,4762.0,4762.0,0.26417471650566987,1.0
2019-10-01 16:26:00+02:00,-1283.0,6895.0,6895.0,-0.18607686729514142,1.0
2019-10-01 16:27:00+02:00,-494.0,2106.0,2106.0,-0.2345679012345679,1.0
2019-10-01 16:28:00+02:00,-495.0,1243.0,1243.0,-0.39823008849557523,1.0
2019-10-01 16:29:00+02:00,-752.0,2848.0,2848.0,-0.2640449438202247,1.0
2019-10-01 16:30:00+02:00,-865.0,2701.0,2701.0,-0.320251758607923,1.0
2019-10-01 16:31:00+02:00,883.0,2265.0,2265.0,0.3898454746136865,1.0
2019-10-01 16:32:00+02:00,-1073.0,1197.0,1197.0,-0.8964076858813701,1.0
2019-10-01 16:33:00+02:00,4903.0,9307.0,9307.0,0.5268077790910067,1.0
2019-10-01 16:34:00+02:00,12909.0,19413.0,19413.0,0.6649667748416009,1.0
2019-10-01 16:35:00+02:00,-617.0,1433.0,1433.0,-0.4305652477320307,1.0
2019-10-01 16:36:00+02:00,-706.0,2624.0,2624.0,-0.2690548780487805,1.0
2019-10-01 16:37:00+02:00,-907.0,4561.0,4561.0,-0.19885989914492436,1.0
2019-10-01 16:38:00+02:00,-7483.0,14313.0,14313.0,-0.5228114301683784,1.0
2019-10-01 16:39:00+02:00,-1576.0,3370.0,3370.0,-0.4676557863501484,1.0
2019-10-01 16:40:00+02:00,-786.0,2542.0,2542.0,-0.3092053501180173,1.0
2019-10-01 16:41:00+02:00,-696.0,1342.0,1342.0,-0.518628912071535,1.0
2019-10-01 16:42:00+02:00,-1177.0,2229.0,2229.0,-0.5280394795872588,1.0
2019-10-01 16:43:00+02:00,-8439.0,15737.0,15737.0,-0.5362521446273114,1.0
2019-10-01 16:44:00+02:00,2908.0,10804.0,10804.0,0.26915957052943357,1.0
2019-10-01 16:45:00+02:00,1584.0,4034.0,4034.0,0.3926623698562221,1.0
2019-10-01 16:46:00+02:00,-1531.0,2501.0,2501.0,-0.6121551379448221,1.0
2019-10-01 16:47:00+02:00,-6340.0,10278.0,10278.0,-0.6168515275345398,1.0
2019-10-01 16:48:00+02:00,-111.0,1589.0,1589.0,-0.06985525487728131,1.0
2019-10-01 16:49:00+02:00,-7469.0,10651.0,10651.0,-0.7012487090414046,1.0
2019-10-01 16:50:00+02:00,306.0,1862.0,1862.0,0.16433941997851773,1.0
2019-10-01 16:51:00+02:00,-33.0,1955.0,1955.0,-0.01687979539641944,1.0
2019-10-01 16:52:00+02:00,-88.0,4172.0,4172.0,-0.02109300095877277,1.0
2019-10-01 16:53:00+02:00,1548.0,2612.0,2612.0,0.5926493108728943,1.0
2019-10-01 16:54:00+02:00,545.0,585.0,585.0,0.9316239316239316,1.0
2019-10-01 16:55:00+02:00,-634.0,1636.0,1636.0,-0.38753056234718825,1.0
2019-10-01 16:56:00+02:00,-3443.0,6545.0,6545.0,-0.5260504201680672,1.0
2019-10-01 16:57:00+02:00,1946.0,4752.0,4752.0,0.4095117845117845,1.0
2019-10-01 16:58:00+02:00,1107.0,2901.0,2901.0,0.3815925542916236,1.0
2019-10-01 16:59:00+02:00,-3735.0,4857.0,4857.0,-0.76899320568252,1.0
2019-10-01 17:00:00+02:00,-904.0,2818.0,2818.0,-0.3207948899929028,1.0
2019-10-01 17:01:00+02:00,-134.0,2776.0,2776.0,-0.048270893371757925,1.0
2019-10-01 17:02:00+02:00,-930.0,1212.0,1212.0,-0.7673267326732673,1.0
2019-10-01 17:03:00+02:00,-576.0,4638.0,4638.0,-0.12419146183699871,1.0
2019-10-01 17:04:00+02:00,505.0,1047.0,1047.0,0.48233046800382046,1.0
2019-10-01 17:05:00+02:00,619.0,1617.0,1617.0,0.38280766852195425,1.0
2019-10-01 17:06:00+02:00,1939.0,2743.0,2743.0,0.7068902661319723,1.0
2019-10-01 17:07:00+02:00,1722.0,2074.0,2074.0,0.8302796528447445,1.0
2019-10-01 17:08:00+02:00,-541.0,1293.0,1293.0,-0.41840680587780354,1.0
2019-10-01 17:09:00+02:00,2056.0,8800.0,8800.0,0.23363636363636364,1.0
2019-10-01 17:10:00+02:00,-759.0,1537.0,1537.0,-0.49381912817176316,1.0
2019-10-01 17:11:00+02:00,1059.0,1733.0,1733.0,0.6110790536641661,1.0
2019-10-01 17:12:00+02:00,-93.0,2561.0,2561.0,-0.03631393986723936,1.0
2019-10-01 17:13:00+02:00,-1391.0,5141.0,5141.0,-0.27056992802956625,1.0
2019-10-01 17:14:00+02:00,-275.0,9361.0,9361.0,-0.02937720329024677,1.0
2019-10-01 17:15:00+02:00,-431.0,8369.0,8369.0,-0.05149958178993906,1.0
2019-10-01 17:16:00+02:00,570.0,10588.0,10588.0,0.05383452965621458,1.0
2019-10-01 17:17:00+02:00,-2792.0,10748.0,10748.0,-0.2597692593970971,1.0
2019-10-01 17:18:00+02:00,-3297.0,10451.0,10451.0,-0.3154722036168788,1.0
2019-10-01 17:19:00+02:00,1583.0,2415.0,2415.0,0.6554865424430641,1.0
2019-10-01 17:20:00+02:00,287.0,3913.0,3913.0,0.07334525939177101,1.0
2019-10-01 17:21:00+02:00,-201.0,2049.0,2049.0,-0.09809663250366032,1.0
2019-10-01 17:22:00+02:00,2637.0,2869.0,2869.0,0.9191355873126525,1.0
2019-10-01 17:23:00+02:00,-714.0,3042.0,3042.0,-0.23471400394477318,1.0
2019-10-01 17:24:00+02:00,-1209.0,3179.0,3179.0,-0.38030827304183706,1.0
2019-10-01 17:25:00+02:00,-1330.0,5786.0,5786.0,-0.22986519184237816,1.0
2019-10-01 17:26:00+02:00,719.0,1881.0,1881.0,0.3822434875066454,1.0
2019-10-01 17:27:00+02:00,-164.0,1424.0,1424.0,-0.1151685393258427,1.0
2019-10-01 17:28:00+02:00,-340.0,4420.0,4420.0,-0.07692307692307693,1.0
2019-10-01 17:29:00+02:00,-592.0,4744.0,4744.0,-0.12478920741989882,1.0
