v_exp1,u_unif01
0.0005531472075589669,0.0005529942498463392
0.0031342644507613288,0.0031293577715530985
0.005659232136179257,0.005643248847255089
2.2006180240719844,0.8892652995003034
0.04124951976096629,0.040410336510225076
0.05776814517392578,0.05613123740306836
0.42001544993179635,0.34296333143507807
0.698434736978198,0.5026368009488764
0.15586175829894128,0.14432252749557495
1.3856543860410953,0.7498399550233653
0.0998292798102772,0.09500809476169803
0.7395100621187799,0.5226522710257377
0.17313389503090873,0.1589750017627446
0.11870317798641836,0.11192863922568252
0.19750142802549722,0.17922103146640678
0.24991657716400098,0.22113424444853647
0.518340352716883,0.4044919383821082
0.48450545205897155,0.38399823614945294
0.15467027317319312,0.1433023928977334
0.47798050147627036,0.37996571338262064
0.6812405468570505,0.4940111000824111
0.4942478893770954,0.38997045549756193
0.25509612331575415,0.22515798600225556
0.30350919855489283,0.2617769014851279
0.7306220509562438,0.5183906886405218
0.682497959990424,0.4946469373316785
0.24432612140459983,0.21676783616545825
0.9772767062650387,0.6236654258049772
0.5742803519399978,0.4368900359803446
0.7097896294424697,0.508252364195299
0.8057317253450716,0.5532390993468191
1.2158666595983383,0.7035470208906724
0.4097187359260531,0.33616306263767726
0.6213149142296065,0.46276244835201097
0.5896480980209928,0.4454776120703904
3.349663920529656,0.9649038527864109
0.9212341585935204,0.6019724912379123
0.3274504036723044,0.2792409626094965
0.20852578002156846,0.18821989327587718
1.1472889354613816,0.6825036432319044
0.7373578378893928,0.5216238053301956
2.2299901610150075,0.89247051188839
0.3546156116160843,0.29855698205736914
0.18188856549744192,0.16630576245768736
0.5645671845873044,0.4313938049680792
0.14336712427849393,0.13356407916317437
0.35456522582742434,0.2985216384073087
0.39660549508232773,0.3274006829619709
0.9467385258404158,0.6119955715295702
0.45364269822413295,0.36469031002205343
0.18231942290775965,0.16666488842627358
1.9164885699705558,0.8528773328791976
0.49503325691295047,0.39044936481319603
2.058528974592118,0.8723584041096591
0.3250235524523667,0.27748966344861026
1.5074178816425734,0.7785188692564886
0.37326752623700665,0.3115189785325574
2.6541838998148966,0.9296437670229555
0.24483685553676107,0.21716775742952188
0.7241221025883011,0.5152500570690932
0.23274604750935196,0.2076452315568197
1.356722931538092,0.7424967484393553
1.7932417891455041,0.8335802036373204
0.1656565945702195,0.15266283558385385
1.306705283148387,0.7292894968491513
0.6151410654207765,0.45943536504709315
0.23433383241090713,0.20890232223592875
0.981077525063695,0.62509309046313
0.16541485668384864,0.15245797732868127
2.130056708173394,0.8811694450023799
0.2732462048761859,0.23909457406098256
0.40748405424642375,0.3346779396249323
1.3804786291248325,0.7485418309509762
2.1055323331914817,0.8782191709664047
0.5077764492771163,0.3981677032300346
3.159981129237066,0.9575734583058323
0.579370669999144,0.4397491616962016
0.1336462398010914,0.12510048550914876
0.18348690702356701,0.16763722622726862
1.497736633865717,0.7763642426435946
0.3344263388048476,0.2842514342190823
4.465989730574334,0.9885066851562022
0.16253907479475593,0.15001712332995598
0.9035637087244808,0.5948766574456523
0.14966053766286813,0.13899979603636148
0.7003064849138236,0.5035668687921373
2.0601953431878464,0.872570924938365
0.1810871686873798,0.16563737476904483
2.1744285006894764,0.8863269007913461
1.0444760906969521,0.6481238777311713
1.3656358402045186,0.7447816536998326
0.17733706560502469,0.16250255464087016
0.23401301799792368,0.20864848598383723
1.267945336566547,0.7185907705659347
0.23639006729236675,0.21052733360050424
1.0956035784519902,0.6656622530241907
1.953380329767771,0.8582060497514462
0.5664195037680385,0.4324460702629589
0.16767368258270396,0.15437026662247944
1.0255900063815833,0.6414151643607318
0.181207636127938,0.16573788224494312
3.1314958910095614,0.9563475509180609
0.5863123847519071,0.44362479586919557
0.7600870034320677,0.5323742598043315
1.5807535840659326,0.7941800628763005
0.9345326822060035,0.6072306292335561
0.755179587910864,0.5300737859149507
0.42918439025480126,0.34896012729526327
0.40713867092263256,0.33444810879274467
0.4063793321246089,0.3339425374939944
1.068852135874286,0.6565975293501993
3.0379770279100278,0.9520682439132563
0.1118897803791752,0.10585719584979303
1.1069599689847252,0.669437645060309
0.30806878740522503,0.26513523317005505
0.2474205384459119,0.21918773709822614
0.7145004145001679,0.5105634338601444
0.19472452890244285,0.1769386435546254
2.695352250750733,0.9324814058906044
0.4272864644375621,0.3477233286079835
2.9942133239741215,0.9499239948115954
1.2899121105429128,0.7247050224473663
0.1245262184619785,0.1170848876133802
0.4942539691900664,0.38997416435182475
0.3096649953664064,0.2663072944856034
0.5439754681861152,0.4195638458822075
0.8195957176323123,0.5593902507440546
0.38811451632536154,0.3216653415763503
0.7144644344671767,0.5105458235995406
1.3139214590457016,0.7312359600003611
0.3747050229774661,0.3125079567599941
0.23580445801175667,0.21006487568366483
0.2270237494210175,0.20309814389229275
0.39507656321196555,0.3263715378842936
0.19738558254396052,0.17912594242385016
0.8534286436681379,0.5740480121611891
1.3382050660830958,0.7376839136900746
2.7970920202042135,0.9390128455763973
0.8348068481958073,0.5660417068341941
0.40240790516233543,0.33129207936216687
0.3470202134845048,0.29320895859640717
0.7143761769648689,0.5105026236901073
1.4830331186797046,0.7730517176872793
0.5380954005192603,0.41614078797638476
2.899507476828636,0.9449496730579152
0.901847604344947,0.5941808266148447
0.11897012312315294,0.11216567391747778
0.6770490911068989,0.4918858190992037
0.7379980387411856,0.5219299641654702
1.991633480307277,0.8635276815699693
1.1476177923252489,0.6826080369218488
0.16332406700113988,0.1506840914470654
0.1902989411842001,0.17328804125216024
0.19794088899998397,0.17958165254650738
0.48253825158090147,0.3827852444773929
0.45453633613044064,0.36525779324323804
2.3070899578721953,0.9004494733194031
1.2415838212004486,0.7110737521532913
0.08979438312123864,0.0858808757300007
0.770881568230366,0.5373949294346906
0.4193584608368732,0.3425315236779045
0.4085720686304342,0.33540142594348876
0.2417056494850701,0.2147127067452148
4.040361037877894,0.9824088797917111
1.577162138628989,0.7934395428295793
0.16404506910018501,0.15129622929702902
0.21000957568308515,0.18942351589050355
0.7636140907568806,0.5340207113293112
2.910051640748612,0.9455270832256459
0.3645560723496868,0.305495107620541
1.3275604905090976,0.7348767562913632
0.6002300356123915,0.45131459560732
0.26097681760893016,0.22970122322442366
0.22739244039520293,0.2033919002579634
0.7217264076339847,0.5140873518893402
0.21358934271988503,0.19232000340072608
0.8894691123146423,0.58912617728539
1.2714955201356428,0.719588053671952
2.3018603395185644,0.8999274983827259
0.5533133657688393,0.42495867187567204
0.48666659517920824,0.385328066628871
0.23696992200069095,0.21098498034607616
0.9885872544917057,0.627897994696401
1.7075414956997836,0.8186890010073169
0.3357243374961416,0.28517987223474406
1.1199152669601327,0.6736925575267881
3.9375354766267594,0.9805037955632391
0.6139388793692073,0.45878511500052777
0.3379112220458464,0.2867413932725297
0.15496138934251014,0.1435517551249268
2.032096745443222,0.8689395675107798
0.28052957955065694,0.24461640019569875
0.3252037993090561,0.27761988192961073
0.1492721186891225,0.1386653022630845
2.942424773175299,0.9472623033754388
0.9523977025193012,0.614185155677019
0.5408171145222245,0.4177277251952508
3.204196413639501,0.9594084926829901
1.5165023678671037,0.7805217999647229
1.1859787825927162,0.694552933132573
0.28996813197445914,0.2517125863589904
4.540703679593449,0.9893341014629325
0.17148272574170617,0.15758518001447241
0.867722211034794,0.5800930798829811
0.2692876177232195,0.2360764938917581
1.1115836820439349,0.6709625424769814
0.20080114533323395,0.18192490656961957
0.547511346928524,0.42161257358001303
0.34336637602441955,0.29062173524447277
0.2532326305274587,0.2237127273007531
2.464221386191814,0.9149249427952655
0.809376926955478,0.5548646683380165
1.71769134984876,0.8205199734323644
2.0749976272190356,0.8744432745885482
0.057036204118790644,0.055440128210322626
0.35555036386528194,0.2992123511444912
0.4075408260558557,0.3347157100899958
0.42366007306953485,0.34535362397601266
2.106409168387508,0.8783259058821986
0.14885827738366508,0.13830877261907903
3.8359659167114657,0.9784195165499149
0.2588748036793911,0.2280803415045749
0.12775543216497298,0.1199314107036098
0.9345239698627021,0.607227207277053
2.790933052792553,0.9386360685922078
4.555372448527467,0.9894894151488313
0.07773700929694173,0.0747922844216452
0.5626509645523687,0.430303185785727
0.2526035577541416,0.22322423247993906
0.17266934310622087,0.1585842112168807
3.8438801661095026,0.9785896358069994
1.4782184651345878,0.7719564056772161
0.3159380524421189,0.27089538498097654
0.8520641318362162,0.5734663989151163
0.182726133373035,0.16700374562417675
0.27308031003446154,0.23896833330472367
1.3583021681423992,0.7429030860638728
0.5730008055317807,0.43616904947897683
1.280659893498315,0.7221461140299957
1.0737924331725388,0.6582898559080186
0.32843493564156717,0.279950223721532
0.13370010459936604,0.12514761052580625
4.681050861249492,0.9907307319474059
0.4234018107646107,0.3451845316598847
0.07052910316155686,0.06809938212309763
1.0855868380132976,0.662296449546276
0.31715012540263987,0.27177857761515034
1.1201800032880669,0.6737789315272138
1.1978980914493877,0.6981720395910187
2.224931720716323,0.8919252023473233
1.053218698251683,0.6511867841726007
0.1594118066224809,0.14735483826280793
0.3321508681841329,0.28262091499006536
2.9891282552934255,0.9496687063563956
2.0590603561103284,0.872426212477018
0.6865596885130588,0.4966953813523598
1.5133962542491852,0.7798390158852484
1.0377308201302018,0.645742355102915
1.1707308959749039,0.6898598218024274
0.5027159916287957,0.3951144374354427
0.965464591273904,0.6191937606204632
1.1227156233412603,0.6746050563981911
0.19909282608694287,0.18052617874593557
0.6013813277553215,0.4519459293078385
4.874477982154129,0.9923609190852302
0.5343206661150782,0.4139327096888594
0.2472037160990099,0.2190184211958216
0.41973646143733756,0.34278000019164634
0.30454275334645653,0.2625395013435857
0.5135257593304322,0.4016178960863134
3.278171814630592,0.9623028888441736
0.5415478249869106,0.41815304222901906
1.9307957721726243,0.8549672604680327
0.5183876051834299,0.4045200769420547
0.6754798582915368,0.49108784371175196
0.6963025897756132,0.5015752180720379
1.3718341355840367,0.7463586799103761
0.19490203540654544,0.17708472933269848
3.158799806797169,0.9575233092648201
2.5112758445675833,0.9188353802854002
2.054623062926203,0.8718588723828927
0.21278154169803537,0.1916672950804149
0.8654055479006864,0.5791191693256229
3.2342606607690505,0.960610683756005
2.2944342916947864,0.8991815890485116
0.292206658831734,0.2533857743945135
3.609708986994176,0.9729402795487777
0.7847830721254334,0.5437813424041558
0.6141983309815636,0.45892551586066965
2.3804326513087704,0.9074894559572535
0.724258137762831,0.5153159956270998
3.2593911442401478,0.9615882218683671
1.775188250045117,0.8305484527646492
0.22470215188279075,0.20124590926520292
1.8562274113916941,0.8437389716461428
1.9135030316172175,0.8524374361763736
2.134105969444006,0.8816496480765041
0.7681692648908973,0.5361385010197005
1.5576980270972944,0.7893796440661389
1.4995052511522773,0.7767594191489392
0.948183284365757,0.612555739484321
