time_paris,kl_observed,kl_pointwise_threshold_95,pointwise_p_value,is_pointwise_significant_95,kl_global_threshold_95,is_global_significant_95
2019-10-01 09:59:59.178966266+02:00,0.04889674707142237,0.04889674707142237,1.0,False,0.16115512927242792,False
2019-10-01 10:00:59.178966266+02:00,0.05298731572274187,0.06298276782254165,0.36633663366336633,False,0.16115512927242792,False
2019-10-01 10:01:59.178966266+02:00,0.05421172263641152,0.07258491115410505,0.3465346534653465,False,0.16115512927242792,False
2019-10-01 10:02:59.178966266+02:00,0.24887811394324993,0.07470917593668089,0.009900990099009901,True,0.16115512927242792,True
2019-10-01 10:03:59.178966266+02:00,0.2577775448542853,0.0790673695910027,0.009900990099009901,True,0.16115512927242792,True
2019-10-01 10:04:59.178966266+02:00,0.24667276672417102,0.08265526934288975,0.009900990099009901,True,0.16115512927242792,True
2019-10-01 10:05:59.178966266+02:00,0.2365104236943916,0.0780541011839249,0.009900990099009901,True,0.16115512927242792,True
2019-10-01 10:06:59.178966266+02:00,0.2314755705745253,0.08268950053704266,0.009900990099009901,True,0.16115512927242792,True
2019-10-01 10:07:59.178966266+02:00,0.24353979077883517,0.08470330136865722,0.009900990099009901,True,0.16115512927242792,True
2019-10-01 10:08:59.178966266+02:00,0.5020243568102911,0.08206832345101692,0.009900990099009901,True,0.16115512927242792,True
2019-10-01 10:09:59.178966266+02:00,0.4681874539246319,0.08629966482373827,0.009900990099009901,True,0.16115512927242792,True
2019-10-01 10:10:59.178966266+02:00,0.44752136460534536,0.08670747660049578,0.009900990099009901,True,0.16115512927242792,True
2019-10-01 10:11:59.178966266+02:00,0.432215984348405,0.09783841551442989,0.009900990099009901,True,0.16115512927242792,True
2019-10-01 10:12:59.178966266+02:00,0.42225106832694875,0.09615162691257238,0.009900990099009901,True,0.16115512927242792,True
2019-10-01 10:13:59.178966266+02:00,0.39901383682821956,0.09072470029965461,0.009900990099009901,True,0.16115512927242792,True
2019-10-01 10:14:59.178966266+02:00,0.39547555067540624,0.09230692418364692,0.009900990099009901,True,0.16115512927242792,True
2019-10-01 10:15:59.178966266+02:00,0.39907446614089115,0.0897702168947557,0.009900990099009901,True,0.16115512927242792,True
2019-10-01 10:16:59.178966266+02:00,0.3698291355917538,0.09162792160192307,0.009900990099009901,True,0.16115512927242792,True
2019-10-01 10:17:59.178966266+02:00,0.37179120094210943,0.09917296293360407,0.009900990099009901,True,0.16115512927242792,True
2019-10-01 10:18:59.178966266+02:00,0.3632583105725645,0.10015497836446273,0.009900990099009901,True,0.16115512927242792,True
2019-10-01 10:19:59.178966266+02:00,0.7349687528477178,0.09386780779853425,0.009900990099009901,True,0.16115512927242792,True
2019-10-01 10:20:59.178966266+02:00,0.806534692399897,0.0996754001861626,0.009900990099009901,True,0.16115512927242792,True
2019-10-01 10:21:59.178966266+02:00,0.9436783134840244,0.09592707070132908,0.009900990099009901,True,0.16115512927242792,True
2019-10-01 10:22:59.178966266+02:00,1.0044225869122323,0.09837773167797619,0.009900990099009901,True,0.16115512927242792,True
2019-10-01 10:23:59.178966266+02:00,0.9613563452718727,0.09838331531671186,0.009900990099009901,True,0.16115512927242792,True
2019-10-01 10:24:59.178966266+02:00,0.9713914130206446,0.10344334266119362,0.009900990099009901,True,0.16115512927242792,True
2019-10-01 10:25:59.178966266+02:00,1.036052436257777,0.09935963923994956,0.009900990099009901,True,0.16115512927242792,True
2019-10-01 10:26:59.178966266+02:00,1.0036850505174097,0.09967970208302253,0.009900990099009901,True,0.16115512927242792,True
2019-10-01 10:27:59.178966266+02:00,0.9894229196342702,0.09740433701779856,0.009900990099009901,True,0.16115512927242792,True
2019-10-01 10:28:59.178966266+02:00,0.9458012222556723,0.09787284820635878,0.009900990099009901,True,0.16115512927242792,True
2019-10-01 10:29:59.178966266+02:00,0.9337975206648511,0.10584951927570108,0.009900990099009901,True,0.16115512927242792,True
2019-10-01 10:30:59.178966266+02:00,0.8802851126044339,0.10419480355343774,0.009900990099009901,True,0.16115512927242792,True
2019-10-01 10:31:59.178966266+02:00,0.8198217290783154,0.09695372814636355,0.009900990099009901,True,0.16115512927242792,True
2019-10-01 10:32:59.178966266+02:00,0.8596207798980351,0.09743846659580183,0.009900990099009901,True,0.16115512927242792,True
2019-10-01 10:33:59.178966266+02:00,0.9724629910089553,0.09688542373309272,0.009900990099009901,True,0.16115512927242792,True
2019-10-01 10:34:59.178966266+02:00,1.197624647647507,0.09926269294590487,0.009900990099009901,True,0.16115512927242792,True
2019-10-01 10:35:59.178966266+02:00,1.1227074201182232,0.0990553943441187,0.009900990099009901,True,0.16115512927242792,True
2019-10-01 10:36:59.178966266+02:00,1.0676766045174584,0.09778933396612623,0.009900990099009901,True,0.16115512927242792,True
2019-10-01 10:37:59.178966266+02:00,1.0343927282264256,0.09788997309008883,0.009900990099009901,True,0.16115512927242792,True
2019-10-01 10:38:59.178966266+02:00,1.1688529633910485,0.09291267893986585,0.009900990099009901,True,0.16115512927242792,True
2019-10-01 10:39:59.178966266+02:00,1.1299135087502625,0.09904307925453107,0.009900990099009901,True,0.16115512927242792,True
2019-10-01 10:40:59.178966266+02:00,1.092271989326143,0.10116071917661779,0.009900990099009901,True,0.16115512927242792,True
2019-10-01 10:41:59.178966266+02:00,1.069006942472605,0.09733388963180485,0.009900990099009901,True,0.16115512927242792,True
2019-10-01 10:42:59.178966266+02:00,1.2284294952551207,0.09589040690970536,0.009900990099009901,True,0.16115512927242792,True
2019-10-01 10:43:59.178966266+02:00,1.2368389213920379,0.09259049533724036,0.009900990099009901,True,0.16115512927242792,True
2019-10-01 10:44:59.178966266+02:00,1.172755640770801,0.09890675833761434,0.009900990099009901,True,0.16115512927242792,True
2019-10-01 10:45:59.178966266+02:00,1.1327591461056654,0.09795239253958694,0.009900990099009901,True,0.16115512927242792,True
2019-10-01 10:46:59.178966266+02:00,1.0779826258722045,0.09913058296389772,0.009900990099009901,True,0.16115512927242792,True
2019-10-01 10:47:59.178966266+02:00,1.022928488407785,0.09636344738155368,0.009900990099009901,True,0.16115512927242792,True
2019-10-01 10:48:59.178966266+02:00,1.029710126976119,0.09630687007162132,0.009900990099009901,True,0.16115512927242792,True
2019-10-01 10:49:59.178966266+02:00,1.031060073821529,0.09707296210898134,0.009900990099009901,True,0.16115512927242792,True
2019-10-01 10:50:59.178966266+02:00,1.0505719640510889,0.1005991631980676,0.009900990099009901,True,0.16115512927242792,True
2019-10-01 10:51:59.178966266+02:00,0.9977302458147611,0.10525981614932306,0.009900990099009901,True,0.16115512927242792,True
2019-10-01 10:52:59.178966266+02:00,0.9476748810977166,0.10423684478414956,0.009900990099009901,True,0.16115512927242792,True
2019-10-01 10:53:59.178966266+02:00,0.913360452429877,0.10696899027150805,0.009900990099009901,True,0.16115512927242792,True
2019-10-01 10:54:59.178966266+02:00,0.8799649166239615,0.11002461728423037,0.009900990099009901,True,0.16115512927242792,True
2019-10-01 10:55:59.178966266+02:00,0.82848467741073,0.10309097447027814,0.009900990099009901,True,0.16115512927242792,True
2019-10-01 10:56:59.178966266+02:00,0.7891359982605981,0.09495667823063296,0.009900990099009901,True,0.16115512927242792,True
2019-10-01 10:57:59.178966266+02:00,0.7770899103826427,0.0950839712737668,0.009900990099009901,True,0.16115512927242792,True
2019-10-01 10:58:59.178966266+02:00,0.7345748445038657,0.09731096601306745,0.009900990099009901,True,0.16115512927242792,True
2019-10-01 10:59:59.178966266+02:00,0.6894704780147809,0.10085354895646564,0.009900990099009901,True,0.16115512927242792,True
2019-10-01 11:00:59.178966266+02:00,0.6436590884684574,0.09659857108396482,0.009900990099009901,True,0.16115512927242792,True
2019-10-01 11:01:59.178966266+02:00,0.6058816320129494,0.10011358091066501,0.009900990099009901,True,0.16115512927242792,True
2019-10-01 11:02:59.178966266+02:00,0.5751396988753568,0.0955429005097546,0.009900990099009901,True,0.16115512927242792,True
2019-10-01 11:03:59.178966266+02:00,0.5680724693848577,0.10413594688667843,0.009900990099009901,True,0.16115512927242792,True
2019-10-01 11:04:59.178966266+02:00,0.5366005595875828,0.1031088397818027,0.009900990099009901,True,0.16115512927242792,True
2019-10-01 11:05:59.178966266+02:00,0.5301361327787334,0.10138157365448933,0.009900990099009901,True,0.16115512927242792,True
2019-10-01 11:06:59.178966266+02:00,0.5145151491153992,0.09966785942385054,0.009900990099009901,True,0.16115512927242792,True
2019-10-01 11:07:59.178966266+02:00,0.5008131972202264,0.0942901068910255,0.009900990099009901,True,0.16115512927242792,True
2019-10-01 11:08:59.178966266+02:00,0.8231330355055114,0.0979643343808923,0.009900990099009901,True,0.16115512927242792,True
2019-10-01 11:09:59.178966266+02:00,1.1292483643238003,0.09741054285833077,0.009900990099009901,True,0.16115512927242792,True
2019-10-01 11:10:59.178966266+02:00,1.0899270217902235,0.10390223696807568,0.009900990099009901,True,0.16115512927242792,True
2019-10-01 11:11:59.178966266+02:00,1.0467001324439293,0.10179853960266114,0.009900990099009901,True,0.16115512927242792,True
2019-10-01 11:12:59.178966266+02:00,1.0434976540087588,0.0992496856987202,0.009900990099009901,True,0.16115512927242792,True
2019-10-01 11:13:59.178966266+02:00,1.1048513161608524,0.09436411266129248,0.009900990099009901,True,0.16115512927242792,True
2019-10-01 11:14:59.178966266+02:00,1.0312117319920298,0.10103276242516282,0.009900990099009901,True,0.16115512927242792,True
2019-10-01 11:15:59.178966266+02:00,0.9776428181744738,0.10309599414584318,0.009900990099009901,True,0.16115512927242792,True
2019-10-01 11:16:59.178966266+02:00,0.926416521279846,0.10974534189825351,0.009900990099009901,True,0.16115512927242792,True
2019-10-01 11:17:59.178966266+02:00,0.929482685788812,0.10663234584157807,0.009900990099009901,True,0.16115512927242792,True
2019-10-01 11:18:59.178966266+02:00,0.8899016461524053,0.10084900381758678,0.009900990099009901,True,0.16115512927242792,True
2019-10-01 11:19:59.178966266+02:00,0.8427298505526393,0.10476322563962243,0.009900990099009901,True,0.16115512927242792,True
2019-10-01 11:20:59.178966266+02:00,0.8019673177934702,0.10305266058455291,0.009900990099009901,True,0.16115512927242792,True
2019-10-01 11:21:59.178966266+02:00,0.7715939205309639,0.10012358606508677,0.009900990099009901,True,0.16115512927242792,True
2019-10-01 11:22:59.178966266+02:00,0.7507058214186568,0.0996697007226208,0.009900990099009901,True,0.16115512927242792,True
2019-10-01 11:23:59.178966266+02:00,0.7198693911891287,0.09979444860504469,0.009900990099009901,True,0.16115512927242792,True
2019-10-01 11:24:59.178966266+02:00,0.695266168765404,0.09882487252414014,0.009900990099009901,True,0.16115512927242792,True
2019-10-01 11:25:59.178966266+02:00,0.6934597733499663,0.1008450797670518,0.009900990099009901,True,0.16115512927242792,True
2019-10-01 11:26:59.178966266+02:00,0.6769585708582353,0.10103309878735561,0.009900990099009901,True,0.16115512927242792,True
2019-10-01 11:27:59.178966266+02:00,0.7183782767008821,0.10621202881393947,0.009900990099009901,True,0.16115512927242792,True
2019-10-01 11:28:59.178966266+02:00,0.7102568715628292,0.10789714380755554,0.009900990099009901,True,0.16115512927242792,True
2019-10-01 11:29:59.178966266+02:00,0.6741468218527307,0.11116312308727304,0.009900990099009901,True,0.16115512927242792,True
2019-10-01 11:30:59.178966266+02:00,0.782312800222361,0.1078775770108622,0.009900990099009901,True,0.16115512927242792,True
2019-10-01 11:31:59.178966266+02:00,0.8319177723801743,0.10428315435436611,0.009900990099009901,True,0.16115512927242792,True
2019-10-01 11:32:59.178966266+02:00,0.88641574139955,0.10397280346053327,0.009900990099009901,True,0.16115512927242792,True
2019-10-01 11:33:59.178966266+02:00,0.8553828409318192,0.10142542504425897,0.009900990099009901,True,0.16115512927242792,True
2019-10-01 11:34:59.178966266+02:00,0.8268757116680697,0.10365670713281354,0.009900990099009901,True,0.16115512927242792,True
2019-10-01 11:35:59.178966266+02:00,0.7959354587578952,0.10568547131696991,0.009900990099009901,True,0.16115512927242792,True
2019-10-01 11:36:59.178966266+02:00,0.8853815751144604,0.1102139165021813,0.009900990099009901,True,0.16115512927242792,True
2019-10-01 11:37:59.178966266+02:00,0.8416836155617065,0.10776935059625944,0.009900990099009901,True,0.16115512927242792,True
2019-10-01 11:38:59.178966266+02:00,0.8569262473488988,0.1050294739788999,0.009900990099009901,True,0.16115512927242792,True
2019-10-01 11:39:59.178966266+02:00,1.0379139336355718,0.10400490363182524,0.009900990099009901,True,0.16115512927242792,True
2019-10-01 11:40:59.178966266+02:00,1.02253626443415,0.10177329652042451,0.009900990099009901,True,0.16115512927242792,True
2019-10-01 11:41:59.178966266+02:00,0.9923379497377035,0.10374499583131065,0.009900990099009901,True,0.16115512927242792,True
2019-10-01 11:42:59.178966266+02:00,0.9727342700249602,0.10474642843772454,0.009900990099009901,True,0.16115512927242792,True
2019-10-01 11:43:59.178966266+02:00,1.1361558352695604,0.1010760272306255,0.009900990099009901,True,0.16115512927242792,True
2019-10-01 11:44:59.178966266+02:00,1.0875464262666046,0.09809897727705799,0.009900990099009901,True,0.16115512927242792,True
2019-10-01 11:45:59.178966266+02:00,1.0225778604910636,0.10518512771749777,0.009900990099009901,True,0.16115512927242792,True
2019-10-01 11:46:59.178966266+02:00,1.042945742742465,0.10224540503498329,0.009900990099009901,True,0.16115512927242792,True
2019-10-01 11:47:59.178966266+02:00,0.9843765627769345,0.09557923792792103,0.009900990099009901,True,0.16115512927242792,True
2019-10-01 11:48:59.178966266+02:00,0.9324115871213179,0.09553255173725363,0.009900990099009901,True,0.16115512927242792,True
2019-10-01 11:49:59.178966266+02:00,0.9521258802464247,0.09734647574875228,0.009900990099009901,True,0.16115512927242792,True
2019-10-01 11:50:59.178966266+02:00,0.9071295161247297,0.09323706350667722,0.009900990099009901,True,0.16115512927242792,True
2019-10-01 11:51:59.178966266+02:00,0.8561859609178667,0.09966074616889775,0.009900990099009901,True,0.16115512927242792,True
2019-10-01 11:52:59.178966266+02:00,0.9419047060058592,0.09374506067666273,0.009900990099009901,True,0.16115512927242792,True
2019-10-01 11:53:59.178966266+02:00,0.9355980206631406,0.09655245405224863,0.009900990099009901,True,0.16115512927242792,True
2019-10-01 11:54:59.178966266+02:00,1.012050766368005,0.10178593415437986,0.009900990099009901,True,0.16115512927242792,True
2019-10-01 11:55:59.178966266+02:00,0.9793105857776894,0.10090771419598088,0.009900990099009901,True,0.16115512927242792,True
2019-10-01 11:56:59.178966266+02:00,0.9783101082047405,0.09715701896322186,0.009900990099009901,True,0.16115512927242792,True
2019-10-01 11:57:59.178966266+02:00,1.1067195107269945,0.09468969279161935,0.009900990099009901,True,0.16115512927242792,True
2019-10-01 11:58:59.178966266+02:00,1.187514678255897,0.09151668591558916,0.009900990099009901,True,0.16115512927242792,True
2019-10-01 11:59:59.178966266+02:00,1.4903625001950305,0.0909243532109558,0.009900990099009901,True,0.16115512927242792,True
2019-10-01 12:00:59.178966266+02:00,1.7739550248504414,0.09445872160279274,0.009900990099009901,True,0.16115512927242792,True
2019-10-01 12:01:59.178966266+02:00,1.6749438933906913,0.10028941129523103,0.009900990099009901,True,0.16115512927242792,True
2019-10-01 12:02:59.178966266+02:00,1.6354831878377163,0.09767269318531642,0.009900990099009901,True,0.16115512927242792,True
2019-10-01 12:03:59.178966266+02:00,1.6503438832905708,0.1034949679359822,0.009900990099009901,True,0.16115512927242792,True
2019-10-01 12:04:59.178966266+02:00,1.6223267938587353,0.10325017363637706,0.009900990099009901,True,0.16115512927242792,True
2019-10-01 12:05:59.178966266+02:00,1.569876140337045,0.10642780227050325,0.009900990099009901,True,0.16115512927242792,True
2019-10-01 12:06:59.178966266+02:00,1.5037325844132212,0.10819868142363588,0.009900990099009901,True,0.16115512927242792,True
2019-10-01 12:07:59.178966266+02:00,1.3923953894432917,0.10099081553603999,0.009900990099009901,True,0.16115512927242792,True
2019-10-01 12:08:59.178966266+02:00,1.3053305127374117,0.09655061701600855,0.009900990099009901,True,0.16115512927242792,True
2019-10-01 12:09:59.178966266+02:00,1.2525125524584277,0.09434105272503443,0.009900990099009901,True,0.16115512927242792,True
2019-10-01 12:10:59.178966266+02:00,1.179011048727543,0.09638397737132033,0.009900990099009901,True,0.16115512927242792,True
2019-10-01 12:11:59.178966266+02:00,1.268538157229778,0.10105444732508342,0.009900990099009901,True,0.16115512927242792,True
2019-10-01 12:12:59.178966266+02:00,1.5523114806030056,0.10624171592086591,0.009900990099009901,True,0.16115512927242792,True
2019-10-01 12:13:59.178966266+02:00,1.6784730238833818,0.10195526349857156,0.009900990099009901,True,0.16115512927242792,True
2019-10-01 12:14:59.178966266+02:00,1.9239916508912542,0.09714520595930319,0.009900990099009901,True,0.16115512927242792,True
2019-10-01 12:15:59.178966266+02:00,1.8189726728185371,0.09657238755059099,0.009900990099009901,True,0.16115512927242792,True
2019-10-01 12:16:59.178966266+02:00,1.7618629886299022,0.09452988979750714,0.009900990099009901,True,0.16115512927242792,True
2019-10-01 12:17:59.178966266+02:00,1.743497319008517,0.09790408732881987,0.009900990099009901,True,0.16115512927242792,True
2019-10-01 12:18:59.178966266+02:00,1.692584478645246,0.09652983490437485,0.009900990099009901,True,0.16115512927242792,True
2019-10-01 12:19:59.178966266+02:00,1.596977568384332,0.10371730288167497,0.009900990099009901,True,0.16115512927242792,True
2019-10-01 12:20:59.178966266+02:00,1.513580676444635,0.109597045805168,0.009900990099009901,True,0.16115512927242792,True
2019-10-01 12:21:59.178966266+02:00,1.4066238733826613,0.10469670491629338,0.009900990099009901,True,0.16115512927242792,True
2019-10-01 12:22:59.178966266+02:00,1.3694209004269782,0.10220439608907758,0.009900990099009901,True,0.16115512927242792,True
2019-10-01 12:23:59.178966266+02:00,1.3416238701953564,0.10286162986509316,0.009900990099009901,True,0.16115512927242792,True
2019-10-01 12:24:59.178966266+02:00,1.2952098038150828,0.10251837523460257,0.009900990099009901,True,0.16115512927242792,True
2019-10-01 12:25:59.178966266+02:00,1.293252154518415,0.10339133362816776,0.009900990099009901,True,0.16115512927242792,True
2019-10-01 12:26:59.178966266+02:00,1.2344801944579749,0.11206098009772095,0.009900990099009901,True,0.16115512927242792,True
2019-10-01 12:27:59.178966266+02:00,1.1534826999503673,0.10477222508711025,0.009900990099009901,True,0.16115512927242792,True
2019-10-01 12:28:59.178966266+02:00,1.085191665970282,0.09965633046255214,0.009900990099009901,True,0.16115512927242792,True
2019-10-01 12:29:59.178966266+02:00,1.2697394810065572,0.09993920412070628,0.009900990099009901,True,0.16115512927242792,True
2019-10-01 12:30:59.178966266+02:00,1.227195102204618,0.10441965625442653,0.009900990099009901,True,0.16115512927242792,True
2019-10-01 12:31:59.178966266+02:00,1.1827997824725203,0.0996520941659898,0.009900990099009901,True,0.16115512927242792,True
2019-10-01 12:32:59.178966266+02:00,1.1824354885231392,0.10230685061163604,0.009900990099009901,True,0.16115512927242792,True
2019-10-01 12:33:59.178966266+02:00,1.1455405304508308,0.10337816426622236,0.009900990099009901,True,0.16115512927242792,True
2019-10-01 12:34:59.178966266+02:00,1.2901034123160346,0.10264698388337781,0.009900990099009901,True,0.16115512927242792,True
2019-10-01 12:35:59.178966266+02:00,1.2366052500349434,0.1047700575885765,0.009900990099009901,True,0.16115512927242792,True
2019-10-01 12:36:59.178966266+02:00,1.15680803666032,0.10079263923535753,0.009900990099009901,True,0.16115512927242792,True
2019-10-01 12:37:59.178966266+02:00,1.0959019804312962,0.11268034456542403,0.009900990099009901,True,0.16115512927242792,True
2019-10-01 12:38:59.178966266+02:00,1.0356366405505173,0.10299947972895632,0.009900990099009901,True,0.16115512927242792,True
2019-10-01 12:39:59.178966266+02:00,0.9890852353828834,0.11108585129563935,0.009900990099009901,True,0.16115512927242792,True
2019-10-01 12:40:59.178966266+02:00,0.9595659922895929,0.11749329879214804,0.009900990099009901,True,0.16115512927242792,True
2019-10-01 12:41:59.178966266+02:00,0.9372416608546402,0.11093683104139827,0.009900990099009901,True,0.16115512927242792,True
2019-10-01 12:42:59.178966266+02:00,1.2954809744615539,0.10358818030769622,0.009900990099009901,True,0.16115512927242792,True
2019-10-01 12:43:59.178966266+02:00,1.2607840206620573,0.09971699231123687,0.009900990099009901,True,0.16115512927242792,True
2019-10-01 12:44:59.178966266+02:00,1.6326066408454964,0.10509236875775647,0.009900990099009901,True,0.16115512927242792,True
2019-10-01 12:45:59.178966266+02:00,1.678999545976466,0.09648263828653988,0.009900990099009901,True,0.16115512927242792,True
2019-10-01 12:46:59.178966266+02:00,2.1120416254791174,0.09833043571649214,0.009900990099009901,True,0.16115512927242792,True
2019-10-01 12:47:59.178966266+02:00,2.158088238028941,0.09430874301117273,0.009900990099009901,True,0.16115512927242792,True
2019-10-01 12:48:59.178966266+02:00,2.056443215557995,0.10141356937118912,0.009900990099009901,True,0.16115512927242792,True
2019-10-01 12:49:59.178966266+02:00,2.2349607305402324,0.10347327483092132,0.009900990099009901,True,0.16115512927242792,True
2019-10-01 12:50:59.178966266+02:00,2.1249816586911257,0.10628667933521344,0.009900990099009901,True,0.16115512927242792,True
2019-10-01 12:51:59.178966266+02:00,2.024355750384857,0.10872426503688334,0.009900990099009901,True,0.16115512927242792,True
2019-10-01 12:52:59.178966266+02:00,1.9724012940318967,0.10208310183042665,0.009900990099009901,True,0.16115512927242792,True
2019-10-01 12:53:59.178966266+02:00,2.183661896726729,0.09874056080322495,0.009900990099009901,True,0.16115512927242792,True
2019-10-01 12:54:59.178966266+02:00,2.2467226981069346,0.10436261477769031,0.009900990099009901,True,0.16115512927242792,True
2019-10-01 12:55:59.178966266+02:00,2.8305376100198183,0.09845663548367317,0.009900990099009901,True,0.16115512927242792,True
2019-10-01 12:56:59.178966266+02:00,2.7431534126379344,0.10070712641829906,0.009900990099009901,True,0.16115512927242792,True
2019-10-01 12:57:59.178966266+02:00,2.578406718334672,0.10728102114639024,0.009900990099009901,True,0.16115512927242792,True
2019-10-01 12:58:59.178966266+02:00,2.478693652830053,0.10073091591510745,0.009900990099009901,True,0.16115512927242792,True
2019-10-01 12:59:59.178966266+02:00,2.361312660054932,0.10986340383343322,0.009900990099009901,True,0.16115512927242792,True
2019-10-01 13:00:59.178966266+02:00,2.233697157016272,0.10596712109412983,0.009900990099009901,True,0.16115512927242792,True
2019-10-01 13:01:59.178966266+02:00,2.152598179751679,0.10302296920913119,0.009900990099009901,True,0.16115512927242792,True
2019-10-01 13:02:59.178966266+02:00,2.025235804265471,0.10109084663813317,0.009900990099009901,True,0.16115512927242792,True
2019-10-01 13:03:59.178966266+02:00,1.9006700493655364,0.10633127481166646,0.009900990099009901,True,0.16115512927242792,True
2019-10-01 13:04:59.178966266+02:00,1.7918885445819102,0.10256530084793263,0.009900990099009901,True,0.16115512927242792,True
2019-10-01 13:05:59.178966266+02:00,2.0664532914054545,0.1026052898782529,0.009900990099009901,True,0.16115512927242792,True
2019-10-01 13:06:59.178966266+02:00,2.2962611102821464,0.11202371078778027,0.009900990099009901,True,0.16115512927242792,True
2019-10-01 13:07:59.178966266+02:00,2.1743246332258237,0.1116371410563935,0.009900990099009901,True,0.16115512927242792,True
2019-10-01 13:08:59.178966266+02:00,2.0535249131873576,0.10758137709081543,0.009900990099009901,True,0.16115512927242792,True
2019-10-01 13:09:59.178966266+02:00,1.9404302242616678,0.10381406989967638,0.009900990099009901,True,0.16115512927242792,True
2019-10-01 13:10:59.178966266+02:00,1.8412658004662306,0.10345147344137567,0.009900990099009901,True,0.16115512927242792,True
2019-10-01 13:11:59.178966266+02:00,1.788824270049846,0.09952128395319344,0.009900990099009901,True,0.16115512927242792,True
2019-10-01 13:12:59.178966266+02:00,2.149277387387447,0.10346401677948205,0.009900990099009901,True,0.16115512927242792,True
2019-10-01 13:13:59.178966266+02:00,2.163394071204715,0.09787717566136904,0.009900990099009901,True,0.16115512927242792,True
2019-10-01 13:14:59.178966266+02:00,2.042246604374383,0.09512166543731576,0.009900990099009901,True,0.16115512927242792,True
2019-10-01 13:15:59.178966266+02:00,1.9617616661753614,0.09970525185594285,0.009900990099009901,True,0.16115512927242792,True
2019-10-01 13:16:59.178966266+02:00,1.8653931353971778,0.10096979410032597,0.009900990099009901,True,0.16115512927242792,True
2019-10-01 13:17:59.178966266+02:00,1.8176472617078194,0.0964598866080284,0.009900990099009901,True,0.16115512927242792,True
2019-10-01 13:18:59.178966266+02:00,1.7638920267480347,0.09445182406682295,0.009900990099009901,True,0.16115512927242792,True
2019-10-01 13:19:59.178966266+02:00,1.7060671383868926,0.0932775867492614,0.009900990099009901,True,0.16115512927242792,True
2019-10-01 13:20:59.178966266+02:00,1.7911857132587923,0.09555416334041315,0.009900990099009901,True,0.16115512927242792,True
2019-10-01 13:21:59.178966266+02:00,2.0416327399723504,0.09580716181711758,0.009900990099009901,True,0.16115512927242792,True
2019-10-01 13:22:59.178966266+02:00,1.9182488380064198,0.09625883300786425,0.009900990099009901,True,0.16115512927242792,True
2019-10-01 13:23:59.178966266+02:00,1.8192802877192893,0.09619040588263983,0.009900990099009901,True,0.16115512927242792,True
2019-10-01 13:24:59.178966266+02:00,1.7829310808376395,0.09093450372728579,0.009900990099009901,True,0.16115512927242792,True
2019-10-01 13:25:59.178966266+02:00,1.7129564134327842,0.10101160045574531,0.009900990099009901,True,0.16115512927242792,True
2019-10-01 13:26:59.178966266+02:00,1.6356822628912648,0.09969649543219489,0.009900990099009901,True,0.16115512927242792,True
2019-10-01 13:27:59.178966266+02:00,2.360696874825523,0.09763303692430689,0.009900990099009901,True,0.16115512927242792,True
2019-10-01 13:28:59.178966266+02:00,2.4806328911110627,0.10364760350680231,0.009900990099009901,True,0.16115512927242792,True
2019-10-01 13:29:59.178966266+02:00,2.591938464480783,0.09780940054611108,0.009900990099009901,True,0.16115512927242792,True
2019-10-01 13:30:59.178966266+02:00,2.4850446885237076,0.10267420070755869,0.009900990099009901,True,0.16115512927242792,True
2019-10-01 13:31:59.178966266+02:00,2.339852932165389,0.09802243761461442,0.009900990099009901,True,0.16115512927242792,True
2019-10-01 13:32:59.178966266+02:00,2.243421926143345,0.09963079878318955,0.009900990099009901,True,0.16115512927242792,True
2019-10-01 13:33:59.178966266+02:00,2.1663873063287853,0.10129182208392577,0.009900990099009901,True,0.16115512927242792,True
2019-10-01 13:34:59.178966266+02:00,2.4492195506771517,0.1029090326189756,0.009900990099009901,True,0.16115512927242792,True
2019-10-01 13:35:59.178966266+02:00,2.295791107051368,0.10007419211880926,0.009900990099009901,True,0.16115512927242792,True
2019-10-01 13:36:59.178966266+02:00,2.31938368854591,0.10934566682926826,0.009900990099009901,True,0.16115512927242792,True
2019-10-01 13:37:59.178966266+02:00,2.222853337523283,0.103200883218501,0.009900990099009901,True,0.16115512927242792,True
2019-10-01 13:38:59.178966266+02:00,2.4096753584433097,0.10470325532259435,0.009900990099009901,True,0.16115512927242792,True
2019-10-01 13:39:59.178966266+02:00,2.308096117343473,0.10036321580544509,0.009900990099009901,True,0.16115512927242792,True
2019-10-01 13:40:59.178966266+02:00,2.19938281440615,0.09543384680352694,0.009900990099009901,True,0.16115512927242792,True
2019-10-01 13:41:59.178966266+02:00,2.092984947280208,0.09849314897960967,0.009900990099009901,True,0.16115512927242792,True
2019-10-01 13:42:59.178966266+02:00,2.0144710655498415,0.09823301950405391,0.009900990099009901,True,0.16115512927242792,True
2019-10-01 13:43:59.178966266+02:00,2.1582019819275633,0.09353843465468285,0.009900990099009901,True,0.16115512927242792,True
2019-10-01 13:44:59.178966266+02:00,2.0532725884931646,0.10211952815828024,0.009900990099009901,True,0.16115512927242792,True
2019-10-01 13:45:59.178966266+02:00,2.261179512068752,0.09582383732351764,0.009900990099009901,True,0.16115512927242792,True
2019-10-01 13:46:59.178966266+02:00,2.17538813341996,0.09285415993871769,0.009900990099009901,True,0.16115512927242792,True
2019-10-01 13:47:59.178966266+02:00,2.083243595792171,0.09466256391120342,0.009900990099009901,True,0.16115512927242792,True
2019-10-01 13:48:59.178966266+02:00,1.9512655344938856,0.10146205262215871,0.009900990099009901,True,0.16115512927242792,True
2019-10-01 13:49:59.178966266+02:00,1.8461837618855776,0.09552259338856019,0.009900990099009901,True,0.16115512927242792,True
2019-10-01 13:50:59.178966266+02:00,1.877371888156849,0.09720886267270616,0.009900990099009901,True,0.16115512927242792,True
2019-10-01 13:51:59.178966266+02:00,1.8216508276254941,0.0924824706211523,0.009900990099009901,True,0.16115512927242792,True
2019-10-01 13:52:59.178966266+02:00,1.8161396676113735,0.09110696947599782,0.009900990099009901,True,0.16115512927242792,True
2019-10-01 13:53:59.178966266+02:00,1.8849965111951625,0.08806291500070666,0.009900990099009901,True,0.16115512927242792,True
2019-10-01 13:54:59.178966266+02:00,1.9737097695387993,0.09244326011834422,0.009900990099009901,True,0.16115512927242792,True
2019-10-01 13:55:59.178966266+02:00,1.8612612326906675,0.09391082085352545,0.009900990099009901,True,0.16115512927242792,True
2019-10-01 13:56:59.178966266+02:00,1.756638415336365,0.09387547098663765,0.009900990099009901,True,0.16115512927242792,True
2019-10-01 13:57:59.178966266+02:00,1.6380063880441897,0.09339206561301897,0.009900990099009901,True,0.16115512927242792,True
2019-10-01 13:58:59.178966266+02:00,1.5572437816756892,0.09157733062340057,0.009900990099009901,True,0.16115512927242792,True
2019-10-01 13:59:59.178966266+02:00,1.4714223737402303,0.09604070263038568,0.009900990099009901,True,0.16115512927242792,True
2019-10-01 14:00:59.178966266+02:00,1.521094807125873,0.09499714851132637,0.009900990099009901,True,0.16115512927242792,True
2019-10-01 14:01:59.178966266+02:00,1.479819541871848,0.10101189244398248,0.009900990099009901,True,0.16115512927242792,True
2019-10-01 14:02:59.178966266+02:00,1.604521800472744,0.10081999209232854,0.009900990099009901,True,0.16115512927242792,True
2019-10-01 14:03:59.178966266+02:00,2.030900772199593,0.10645979353404815,0.009900990099009901,True,0.16115512927242792,True
2019-10-01 14:04:59.178966266+02:00,2.0116580554675054,0.09859440035291477,0.009900990099009901,True,0.16115512927242792,True
2019-10-01 14:05:59.178966266+02:00,2.089396465066814,0.10036864645816415,0.009900990099009901,True,0.16115512927242792,True
2019-10-01 14:06:59.178966266+02:00,2.5156579320273336,0.10079417122945677,0.009900990099009901,True,0.16115512927242792,True
2019-10-01 14:07:59.178966266+02:00,2.486339211699342,0.10052129133574284,0.009900990099009901,True,0.16115512927242792,True
2019-10-01 14:08:59.178966266+02:00,2.418516700045675,0.10507783443723606,0.009900990099009901,True,0.16115512927242792,True
2019-10-01 14:09:59.178966266+02:00,2.4146021059174996,0.10936598150134788,0.009900990099009901,True,0.16115512927242792,True
2019-10-01 14:10:59.178966266+02:00,2.5330786136778762,0.10688485216086667,0.009900990099009901,True,0.16115512927242792,True
2019-10-01 14:11:59.178966266+02:00,2.378838880782936,0.10849315413357782,0.009900990099009901,True,0.16115512927242792,True
2019-10-01 14:12:59.178966266+02:00,3.018168653948571,0.10171268437083086,0.009900990099009901,True,0.16115512927242792,True
2019-10-01 14:13:59.178966266+02:00,3.5871787736739877,0.09874977503585701,0.009900990099009901,True,0.16115512927242792,True
2019-10-01 14:14:59.178966266+02:00,3.659099670031968,0.0991944468538375,0.009900990099009901,True,0.16115512927242792,True
2019-10-01 14:15:59.178966266+02:00,4.404564819030969,0.09564247457092588,0.009900990099009901,True,0.16115512927242792,True
2019-10-01 14:16:59.178966266+02:00,4.682117832515589,0.09360478175779459,0.009900990099009901,True,0.16115512927242792,True
2019-10-01 14:17:59.178966266+02:00,4.54187680179308,0.0975718848327982,0.009900990099009901,True,0.16115512927242792,True
2019-10-01 14:18:59.178966266+02:00,4.720795054823543,0.09663828572518514,0.009900990099009901,True,0.16115512927242792,True
2019-10-01 14:19:59.178966266+02:00,4.691783248181867,0.10081347695359291,0.009900990099009901,True,0.16115512927242792,True
2019-10-01 14:20:59.178966266+02:00,4.5297348040179894,0.09982195706973926,0.009900990099009901,True,0.16115512927242792,True
2019-10-01 14:21:59.178966266+02:00,4.279411838847618,0.10029256336056992,0.009900990099009901,True,0.16115512927242792,True
2019-10-01 14:22:59.178966266+02:00,4.276635368918386,0.09658990887121215,0.009900990099009901,True,0.16115512927242792,True
2019-10-01 14:23:59.178966266+02:00,4.051674717204849,0.10101734607675024,0.009900990099009901,True,0.16115512927242792,True
2019-10-01 14:24:59.178966266+02:00,3.819880241709834,0.10157688827450319,0.009900990099009901,True,0.16115512927242792,True
2019-10-01 14:25:59.178966266+02:00,3.6178171335008162,0.0999561492915772,0.009900990099009901,True,0.16115512927242792,True
2019-10-01 14:26:59.178966266+02:00,3.7520506020959354,0.0982404751819318,0.009900990099009901,True,0.16115512927242792,True
2019-10-01 14:27:59.178966266+02:00,3.7385776436847578,0.09835420291634182,0.009900990099009901,True,0.16115512927242792,True
2019-10-01 14:28:59.178966266+02:00,3.8567782933353087,0.10661017360010905,0.009900990099009901,True,0.16115512927242792,True
2019-10-01 14:29:59.178966266+02:00,3.6963166406384897,0.10748092828617782,0.009900990099009901,True,0.16115512927242792,True
2019-10-01 14:30:59.178966266+02:00,4.43182429034346,0.09664518273317149,0.009900990099009901,True,0.16115512927242792,True
2019-10-01 14:31:59.178966266+02:00,4.32873263990326,0.1047808664057119,0.009900990099009901,True,0.16115512927242792,True
2019-10-01 14:32:59.178966266+02:00,4.053092157587862,0.1011812058697601,0.009900990099009901,True,0.16115512927242792,True
2019-10-01 14:33:59.178966266+02:00,3.953942272852861,0.09782050883973542,0.009900990099009901,True,0.16115512927242792,True
2019-10-01 14:34:59.178966266+02:00,3.708453004028114,0.09813810538999006,0.009900990099009901,True,0.16115512927242792,True
2019-10-01 14:35:59.178966266+02:00,3.4720981539983318,0.10447311506939326,0.009900990099009901,True,0.16115512927242792,True
2019-10-01 14:36:59.178966266+02:00,3.3949810360141095,0.10178154919719797,0.009900990099009901,True,0.16115512927242792,True
2019-10-01 14:37:59.178966266+02:00,3.2181978950197765,0.09675995142091624,0.009900990099009901,True,0.16115512927242792,True
2019-10-01 14:38:59.178966266+02:00,3.1254675437436927,0.10064144283268286,0.009900990099009901,True,0.16115512927242792,True
2019-10-01 14:39:59.178966266+02:00,3.9398806876358545,0.10299374752456018,0.009900990099009901,True,0.16115512927242792,True
2019-10-01 14:40:59.178966266+02:00,3.7616780977438404,0.09964203313061525,0.009900990099009901,True,0.16115512927242792,True
2019-10-01 14:41:59.178966266+02:00,3.5473069161986266,0.10038357995781748,0.009900990099009901,True,0.16115512927242792,True
2019-10-01 14:42:59.178966266+02:00,3.3996504862516606,0.10716309464497148,0.009900990099009901,True,0.16115512927242792,True
2019-10-01 14:43:59.178966266+02:00,3.279862399402202,0.10300312262410553,0.009900990099009901,True,0.16115512927242792,True
2019-10-01 14:44:59.178966266+02:00,3.1770708165576425,0.10475615514148941,0.009900990099009901,True,0.16115512927242792,True
2019-10-01 14:45:59.178966266+02:00,3.00989502835929,0.10138546341711237,0.009900990099009901,True,0.16115512927242792,True
2019-10-01 14:46:59.178966266+02:00,3.215985543652229,0.09930841912229424,0.009900990099009901,True,0.16115512927242792,True
2019-10-01 14:47:59.178966266+02:00,3.025645261954931,0.10050425630751783,0.009900990099009901,True,0.16115512927242792,True
2019-10-01 14:48:59.178966266+02:00,2.886827432833805,0.10784329627248085,0.009900990099009901,True,0.16115512927242792,True
2019-10-01 14:49:59.178966266+02:00,2.725878495533895,0.10329242262252218,0.009900990099009901,True,0.16115512927242792,True
2019-10-01 14:50:59.178966266+02:00,2.586307448441486,0.10676729234981755,0.009900990099009901,True,0.16115512927242792,True
2019-10-01 14:51:59.178966266+02:00,2.427075722280441,0.1041766582268103,0.009900990099009901,True,0.16115512927242792,True
2019-10-01 14:52:59.178966266+02:00,2.310817529062964,0.10656704202337589,0.009900990099009901,True,0.16115512927242792,True
2019-10-01 14:53:59.178966266+02:00,2.2077723438625734,0.10014418738619034,0.009900990099009901,True,0.16115512927242792,True
2019-10-01 14:54:59.178966266+02:00,2.1303452220597197,0.10188062615128111,0.009900990099009901,True,0.16115512927242792,True
2019-10-01 14:55:59.178966266+02:00,2.0280726021705657,0.0986078163576114,0.009900990099009901,True,0.16115512927242792,True
2019-10-01 14:56:59.178966266+02:00,1.9484693014041055,0.10052214875052023,0.009900990099009901,True,0.16115512927242792,True
2019-10-01 14:57:59.178966266+02:00,1.837413535066703,0.09926049832842829,0.009900990099009901,True,0.16115512927242792,True
2019-10-01 14:58:59.178966266+02:00,1.7641439523592897,0.10081377502873488,0.009900990099009901,True,0.16115512927242792,True
2019-10-01 14:59:59.178966266+02:00,1.7320144940689566,0.09924621433284371,0.009900990099009901,True,0.16115512927242792,True
2019-10-01 15:00:59.178966266+02:00,1.665160843468679,0.10422295737445957,0.009900990099009901,True,0.16115512927242792,True
2019-10-01 15:01:59.178966266+02:00,1.7084583958686796,0.10683579514152286,0.009900990099009901,True,0.16115512927242792,True
2019-10-01 15:02:59.178966266+02:00,1.604425659809347,0.10114500349122775,0.009900990099009901,True,0.16115512927242792,True
2019-10-01 15:03:59.178966266+02:00,1.522989415940773,0.09953966999850167,0.009900990099009901,True,0.16115512927242792,True
2019-10-01 15:04:59.178966266+02:00,1.6756047559945586,0.10354664878640034,0.009900990099009901,True,0.16115512927242792,True
2019-10-01 15:05:59.178966266+02:00,1.8857323785298876,0.10546160739607732,0.009900990099009901,True,0.16115512927242792,True
2019-10-01 15:06:59.178966266+02:00,1.8375955119934044,0.10196554381650359,0.009900990099009901,True,0.16115512927242792,True
2019-10-01 15:07:59.178966266+02:00,1.7491548813128879,0.09854798362658669,0.009900990099009901,True,0.16115512927242792,True
2019-10-01 15:08:59.178966266+02:00,1.8541289947163375,0.09774274874471549,0.009900990099009901,True,0.16115512927242792,True
2019-10-01 15:09:59.178966266+02:00,1.7933480152169563,0.10172720197041976,0.009900990099009901,True,0.16115512927242792,True
2019-10-01 15:10:59.178966266+02:00,1.6933020825455456,0.10514907526233995,0.009900990099009901,True,0.16115512927242792,True
2019-10-01 15:11:59.178966266+02:00,1.6293278697148734,0.0964474816328224,0.009900990099009901,True,0.16115512927242792,True
2019-10-01 15:12:59.178966266+02:00,1.5259743732995086,0.1035934699228371,0.009900990099009901,True,0.16115512927242792,True
2019-10-01 15:13:59.178966266+02:00,1.5559879216392043,0.09794451533517606,0.009900990099009901,True,0.16115512927242792,True
2019-10-01 15:14:59.178966266+02:00,1.5481435930287317,0.10552099090382504,0.009900990099009901,True,0.16115512927242792,True
2019-10-01 15:15:59.178966266+02:00,1.4748699488283177,0.10293596238666369,0.009900990099009901,True,0.16115512927242792,True
2019-10-01 15:16:59.178966266+02:00,1.3845186278805808,0.09604741930323286,0.009900990099009901,True,0.16115512927242792,True
2019-10-01 15:17:59.178966266+02:00,1.521981084121432,0.09985942907608751,0.009900990099009901,True,0.16115512927242792,True
2019-10-01 15:18:59.178966266+02:00,1.4569561082042737,0.10805902008432694,0.009900990099009901,True,0.16115512927242792,True
2019-10-01 15:19:59.178966266+02:00,1.3878728404267213,0.09964187948222672,0.009900990099009901,True,0.16115512927242792,True
2019-10-01 15:20:59.178966266+02:00,1.304559549894603,0.09551800294756135,0.009900990099009901,True,0.16115512927242792,True
2019-10-01 15:21:59.178966266+02:00,1.2271426638779308,0.09619419743344705,0.009900990099009901,True,0.16115512927242792,True
2019-10-01 15:22:59.178966266+02:00,1.1986542366914426,0.09360754195938327,0.009900990099009901,True,0.16115512927242792,True
2019-10-01 15:23:59.178966266+02:00,1.206433723858378,0.09370924845950418,0.009900990099009901,True,0.16115512927242792,True
2019-10-01 15:24:59.178966266+02:00,1.179549485645956,0.10255467188577376,0.009900990099009901,True,0.16115512927242792,True
2019-10-01 15:25:59.178966266+02:00,1.1024224367221787,0.10212943523683182,0.009900990099009901,True,0.16115512927242792,True
2019-10-01 15:26:59.178966266+02:00,1.089733165231091,0.0998718799111535,0.009900990099009901,True,0.16115512927242792,True
2019-10-01 15:27:59.178966266+02:00,1.019276724336773,0.10338093005519434,0.009900990099009901,True,0.16115512927242792,True
2019-10-01 15:28:59.178966266+02:00,1.0124234079879662,0.10037025999832586,0.009900990099009901,True,0.16115512927242792,True
2019-10-01 15:29:59.178966266+02:00,1.0076427678974014,0.10273630831793525,0.009900990099009901,True,0.16115512927242792,True
2019-10-01 15:30:59.178966266+02:00,0.9572058475303579,0.10659793708323291,0.009900990099009901,True,0.16115512927242792,True
2019-10-01 15:31:59.178966266+02:00,1.0602319666484783,0.10339045871414068,0.009900990099009901,True,0.16115512927242792,True
2019-10-01 15:32:59.178966266+02:00,1.1381190800285264,0.10252684341880228,0.009900990099009901,True,0.16115512927242792,True
2019-10-01 15:33:59.178966266+02:00,1.36000194719705,0.10057818053312628,0.009900990099009901,True,0.16115512927242792,True
2019-10-01 15:34:59.178966266+02:00,1.7033475886648104,0.10128823618161784,0.009900990099009901,True,0.16115512927242792,True
2019-10-01 15:35:59.178966266+02:00,1.6096899633737602,0.10839827556151105,0.009900990099009901,True,0.16115512927242792,True
2019-10-01 15:36:59.178966266+02:00,1.9445038768723442,0.10299674538084788,0.009900990099009901,True,0.16115512927242792,True
2019-10-01 15:37:59.178966266+02:00,1.8987917223895554,0.10336050956235338,0.009900990099009901,True,0.16115512927242792,True
2019-10-01 15:38:59.178966266+02:00,1.9351366780006436,0.10002865260837891,0.009900990099009901,True,0.16115512927242792,True
2019-10-01 15:39:59.178966266+02:00,1.9961524028817983,0.09859712260069783,0.009900990099009901,True,0.16115512927242792,True
2019-10-01 15:40:59.178966266+02:00,1.9532943335834498,0.09944938044707055,0.009900990099009901,True,0.16115512927242792,True
2019-10-01 15:41:59.178966266+02:00,2.0138580684059098,0.10300142389603929,0.009900990099009901,True,0.16115512927242792,True
2019-10-01 15:42:59.178966266+02:00,1.9201512120930007,0.10521839293046711,0.009900990099009901,True,0.16115512927242792,True
2019-10-01 15:43:59.178966266+02:00,1.8660252529879617,0.10335823250820815,0.009900990099009901,True,0.16115512927242792,True
2019-10-01 15:44:59.178966266+02:00,1.7778519407419733,0.09556400831396536,0.009900990099009901,True,0.16115512927242792,True
2019-10-01 15:45:59.178966266+02:00,1.6586577865035754,0.09610349680743834,0.009900990099009901,True,0.16115512927242792,True
2019-10-01 15:46:59.178966266+02:00,1.5453726433319968,0.09732785737671451,0.009900990099009901,True,0.16115512927242792,True
2019-10-01 15:47:59.178966266+02:00,1.4856005654636664,0.10100163147340802,0.009900990099009901,True,0.16115512927242792,True
2019-10-01 15:48:59.178966266+02:00,1.559052513097995,0.10399413722951616,0.009900990099009901,True,0.16115512927242792,True
2019-10-01 15:49:59.178966266+02:00,1.5382145276427917,0.10183664620875173,0.009900990099009901,True,0.16115512927242792,True
2019-10-01 15:50:59.178966266+02:00,1.4751334304213901,0.09946188810662714,0.009900990099009901,True,0.16115512927242792,True
2019-10-01 15:51:59.178966266+02:00,1.4127826014021425,0.10207728144231573,0.009900990099009901,True,0.16115512927242792,True
2019-10-01 15:52:59.178966266+02:00,1.3462532543292325,0.10054224426391796,0.009900990099009901,True,0.16115512927242792,True
2019-10-01 15:53:59.178966266+02:00,1.336615308234413,0.10198817600767142,0.009900990099009901,True,0.16115512927242792,True
2019-10-01 15:54:59.178966266+02:00,1.6424953206634392,0.10236815687342568,0.009900990099009901,True,0.16115512927242792,True
2019-10-01 15:55:59.178966266+02:00,2.1935998454127414,0.10418838108961596,0.009900990099009901,True,0.16115512927242792,True
2019-10-01 15:56:59.178966266+02:00,2.189839197285531,0.1043019026105833,0.009900990099009901,True,0.16115512927242792,True
2019-10-01 15:57:59.178966266+02:00,2.1300746003096718,0.10094318959465946,0.009900990099009901,True,0.16115512927242792,True
2019-10-01 15:58:59.178966266+02:00,2.076308657566658,0.1032203971986184,0.009900990099009901,True,0.16115512927242792,True
2019-10-01 15:59:59.178966266+02:00,2.003420080390416,0.10074554737179178,0.009900990099009901,True,0.16115512927242792,True
2019-10-01 16:00:59.178966266+02:00,1.8614333908637273,0.10657086897207733,0.009900990099009901,True,0.16115512927242792,True
2019-10-01 16:01:59.178966266+02:00,1.727116930750979,0.09941454969813172,0.009900990099009901,True,0.16115512927242792,True
2019-10-01 16:02:59.178966266+02:00,1.612313115404042,0.09669520685376216,0.009900990099009901,True,0.16115512927242792,True
2019-10-01 16:03:59.178966266+02:00,1.511991840709166,0.0963685084872499,0.009900990099009901,True,0.16115512927242792,True
2019-10-01 16:04:59.178966266+02:00,1.4230872316493655,0.10793850998557787,0.009900990099009901,True,0.16115512927242792,True
2019-10-01 16:05:59.178966266+02:00,1.3333209714123697,0.10496825247564949,0.009900990099009901,True,0.16115512927242792,True
2019-10-01 16:06:59.178966266+02:00,1.2588357727987578,0.10312064459340688,0.009900990099009901,True,0.16115512927242792,True
2019-10-01 16:07:59.178966266+02:00,1.1829306270115214,0.10148264955338054,0.009900990099009901,True,0.16115512927242792,True
2019-10-01 16:08:59.178966266+02:00,1.1174324227510373,0.10054898204066276,0.009900990099009901,True,0.16115512927242792,True
2019-10-01 16:09:59.178966266+02:00,1.0657582693792311,0.09791858606651183,0.009900990099009901,True,0.16115512927242792,True
2019-10-01 16:10:59.178966266+02:00,1.0029681434249498,0.0954589432228563,0.009900990099009901,True,0.16115512927242792,True
2019-10-01 16:11:59.178966266+02:00,0.9565499495610058,0.09969082560041878,0.009900990099009901,True,0.16115512927242792,True
2019-10-01 16:12:59.178966266+02:00,1.0399403443504533,0.1013903347417199,0.009900990099009901,True,0.16115512927242792,True
2019-10-01 16:13:59.178966266+02:00,0.9797937685427407,0.1075853296840735,0.009900990099009901,True,0.16115512927242792,True
2019-10-01 16:14:59.178966266+02:00,0.9400836366632654,0.10063635357826028,0.009900990099009901,True,0.16115512927242792,True
2019-10-01 16:15:59.178966266+02:00,0.9075588391485103,0.1105139457381471,0.009900990099009901,True,0.16115512927242792,True
2019-10-01 16:16:59.178966266+02:00,0.8831198290216252,0.10321294857278937,0.009900990099009901,True,0.16115512927242792,True
2019-10-01 16:17:59.178966266+02:00,0.8464937292153472,0.09901401240628417,0.009900990099009901,True,0.16115512927242792,True
2019-10-01 16:18:59.178966266+02:00,0.8105718295761387,0.10117210294200703,0.009900990099009901,True,0.16115512927242792,True
2019-10-01 16:19:59.178966266+02:00,0.789888142173513,0.1008811897686516,0.009900990099009901,True,0.16115512927242792,True
2019-10-01 16:20:59.178966266+02:00,0.7772919680196824,0.10585608561174863,0.009900990099009901,True,0.16115512927242792,True
2019-10-01 16:21:59.178966266+02:00,0.8046257193700017,0.09702557692357779,0.009900990099009901,True,0.16115512927242792,True
2019-10-01 16:22:59.178966266+02:00,0.824914259405209,0.1001715162018492,0.009900990099009901,True,0.16115512927242792,True
2019-10-01 16:23:59.178966266+02:00,0.8575535193447148,0.09984671553027509,0.009900990099009901,True,0.16115512927242792,True
2019-10-01 16:24:59.178966266+02:00,0.8037452882821889,0.10299791136970181,0.009900990099009901,True,0.16115512927242792,True
2019-10-01 16:25:59.178966266+02:00,0.7791877242607906,0.1019479216224796,0.009900990099009901,True,0.16115512927242792,True
2019-10-01 16:26:59.178966266+02:00,0.7478728677542802,0.09789750741869344,0.009900990099009901,True,0.16115512927242792,True
2019-10-01 16:27:59.178966266+02:00,0.7085775554818526,0.10412820739590367,0.009900990099009901,True,0.16115512927242792,True
2019-10-01 16:28:59.178966266+02:00,0.675889676531886,0.09926246860535322,0.009900990099009901,True,0.16115512927242792,True
2019-10-01 16:29:59.178966266+02:00,0.6456699150495498,0.09586507145543147,0.009900990099009901,True,0.16115512927242792,True
2019-10-01 16:30:59.178966266+02:00,0.6891203167398888,0.09407984828369084,0.009900990099009901,True,0.16115512927242792,True
2019-10-01 16:31:59.178966266+02:00,0.6585016081264581,0.0975148384729054,0.009900990099009901,True,0.16115512927242792,True
2019-10-01 16:32:59.178966266+02:00,0.6477670321932218,0.10230949993353879,0.009900990099009901,True,0.16115512927242792,True
2019-10-01 16:33:59.178966266+02:00,0.635549261019755,0.10066327699622504,0.009900990099009901,True,0.16115512927242792,True
2019-10-01 16:34:59.178966266+02:00,0.6739323517737514,0.10257543775763646,0.009900990099009901,True,0.16115512927242792,True
2019-10-01 16:35:59.178966266+02:00,0.6802683991304981,0.10134369106835865,0.009900990099009901,True,0.16115512927242792,True
2019-10-01 16:36:59.178966266+02:00,0.7901708167827711,0.1003824462343612,0.009900990099009901,True,0.16115512927242792,True
2019-10-01 16:37:59.178966266+02:00,0.7960866896536699,0.10784802909195555,0.009900990099009901,True,0.16115512927242792,True
2019-10-01 16:38:59.178966266+02:00,0.7825249984155863,0.09996539968462728,0.009900990099009901,True,0.16115512927242792,True
2019-10-01 16:39:59.178966266+02:00,0.7415223076971216,0.10370678138215444,0.009900990099009901,True,0.16115512927242792,True
2019-10-01 16:40:59.178966266+02:00,0.7175812265470728,0.10402262191359488,0.009900990099009901,True,0.16115512927242792,True
2019-10-01 16:41:59.178966266+02:00,0.7289819899828254,0.1044518819092413,0.009900990099009901,True,0.16115512927242792,True
2019-10-01 16:42:59.178966266+02:00,0.7004085722902695,0.10121491766494348,0.009900990099009901,True,0.16115512927242792,True
2019-10-01 16:43:59.178966266+02:00,0.70042624450023,0.1050296945028358,0.009900990099009901,True,0.16115512927242792,True
2019-10-01 16:44:59.178966266+02:00,0.7100565839013367,0.099505677404694,0.009900990099009901,True,0.16115512927242792,True
2019-10-01 16:45:59.178966266+02:00,0.8947804712057287,0.10329065477122316,0.009900990099009901,True,0.16115512927242792,True
2019-10-01 16:46:59.178966266+02:00,0.8708929077871823,0.10217400044325456,0.009900990099009901,True,0.16115512927242792,True
2019-10-01 16:47:59.178966266+02:00,0.9566466401249243,0.1053816549686348,0.009900990099009901,True,0.16115512927242792,True
2019-10-01 16:48:59.178966266+02:00,1.250730007982683,0.10044948986685923,0.009900990099009901,True,0.16115512927242792,True
2019-10-01 16:49:59.178966266+02:00,1.3050375438340371,0.09724059299678156,0.009900990099009901,True,0.16115512927242792,True
2019-10-01 16:50:59.178966266+02:00,1.2748642226558808,0.09795791395772395,0.009900990099009901,True,0.16115512927242792,True
2019-10-01 16:51:59.178966266+02:00,1.4239379397138892,0.09974889354915448,0.009900990099009901,True,0.16115512927242792,True
2019-10-01 16:52:59.178966266+02:00,1.412697586053186,0.09561514001143147,0.009900990099009901,True,0.16115512927242792,True
2019-10-01 16:53:59.178966266+02:00,1.3561005062405234,0.0960715534445367,0.009900990099009901,True,0.16115512927242792,True
2019-10-01 16:54:59.178966266+02:00,1.3212040443519044,0.09109889900243742,0.009900990099009901,True,0.16115512927242792,True
2019-10-01 16:55:59.178966266+02:00,1.4777758478326999,0.09533950664349632,0.009900990099009901,True,0.16115512927242792,True
2019-10-01 16:56:59.178966266+02:00,1.527266414258882,0.0995220841296636,0.009900990099009901,True,0.16115512927242792,True
2019-10-01 16:57:59.178966266+02:00,1.66032185909632,0.09662819759560541,0.009900990099009901,True,0.16115512927242792,True
2019-10-01 16:58:59.178966266+02:00,1.6130933369616358,0.09749655248652883,0.009900990099009901,True,0.16115512927242792,True
2019-10-01 16:59:59.178966266+02:00,1.5371811904220691,0.1022302862847747,0.009900990099009901,True,0.16115512927242792,True
2019-10-01 17:00:59.178966266+02:00,1.4721233495002846,0.09698715208089292,0.009900990099009901,True,0.16115512927242792,True
2019-10-01 17:01:59.178966266+02:00,1.4334049926071692,0.0968602234030581,0.009900990099009901,True,0.16115512927242792,True
2019-10-01 17:02:59.178966266+02:00,1.4195708361464645,0.09650337726504031,0.009900990099009901,True,0.16115512927242792,True
2019-10-01 17:03:59.178966266+02:00,1.353882049323448,0.09418361750518163,0.009900990099009901,True,0.16115512927242792,True
2019-10-01 17:04:59.178966266+02:00,1.3071951606588053,0.09503195743045237,0.009900990099009901,True,0.16115512927242792,True
2019-10-01 17:05:59.178966266+02:00,1.2824982933710691,0.0957352296215119,0.009900990099009901,True,0.16115512927242792,True
2019-10-01 17:06:59.178966266+02:00,1.259830913987994,0.09922758478358708,0.009900990099009901,True,0.16115512927242792,True
2019-10-01 17:07:59.178966266+02:00,1.2236650625810788,0.09393074975869771,0.009900990099009901,True,0.16115512927242792,True
2019-10-01 17:08:59.178966266+02:00,1.1688440525637143,0.09961917680161098,0.009900990099009901,True,0.16115512927242792,True
2019-10-01 17:09:59.178966266+02:00,1.2107251206983196,0.10342491695316243,0.009900990099009901,True,0.16115512927242792,True
2019-10-01 17:10:59.178966266+02:00,1.1745902853240646,0.09827160842906928,0.009900990099009901,True,0.16115512927242792,True
2019-10-01 17:11:59.178966266+02:00,1.1175444413579039,0.09727944892106899,0.009900990099009901,True,0.16115512927242792,True
2019-10-01 17:12:59.178966266+02:00,1.077077863201223,0.09714266440054364,0.009900990099009901,True,0.16115512927242792,True
2019-10-01 17:13:59.178966266+02:00,1.2088241223795544,0.09702990117829129,0.009900990099009901,True,0.16115512927242792,True
2019-10-01 17:14:59.178966266+02:00,1.5067592565678312,0.10357315398703812,0.009900990099009901,True,0.16115512927242792,True
2019-10-01 17:15:59.178966266+02:00,1.4505812000960614,0.09993063092165085,0.009900990099009901,True,0.16115512927242792,True
2019-10-01 17:16:59.178966266+02:00,1.4064491228552907,0.0934661655388548,0.009900990099009901,True,0.16115512927242792,True
2019-10-01 17:17:59.178966266+02:00,1.3646398168937026,0.10414685428456331,0.009900990099009901,True,0.16115512927242792,True
2019-10-01 17:18:59.178966266+02:00,1.4110901677251435,0.10051719946315182,0.009900990099009901,True,0.16115512927242792,True
2019-10-01 17:19:59.178966266+02:00,1.4718231115290674,0.09867824062277253,0.009900990099009901,True,0.16115512927242792,True
2019-10-01 17:20:59.178966266+02:00,1.4861376453080914,0.09957853176907557,0.009900990099009901,True,0.16115512927242792,True
2019-10-01 17:21:59.178966266+02:00,1.4201211123159154,0.0968990775092106,0.009900990099009901,True,0.16115512927242792,True
2019-10-01 17:22:59.178966266+02:00,1.600412393297691,0.09837192850910158,0.009900990099009901,True,0.16115512927242792,True
2019-10-01 17:23:59.178966266+02:00,1.556150988731929,0.09947096501503784,0.009900990099009901,True,0.16115512927242792,True
2019-10-01 17:24:59.178966266+02:00,1.5212995873378634,0.10397073362761357,0.009900990099009901,True,0.16115512927242792,True
2019-10-01 17:25:59.178966266+02:00,1.528927873906864,0.1028408481540783,0.009900990099009901,True,0.16115512927242792,True
2019-10-01 17:26:59.178966266+02:00,1.5408729988697822,0.10529078240395509,0.009900990099009901,True,0.16115512927242792,True
2019-10-01 17:27:59.178966266+02:00,1.5694630266082648,0.09933062615244984,0.009900990099009901,True,0.16115512927242792,True
2019-10-01 17:28:59.178966266+02:00,1.6811354946734323,0.09956887785373755,0.009900990099009901,True,0.16115512927242792,True
2019-10-01 17:29:59.178966266+02:00,1.592783106408342,0.11070639730991476,0.009900990099009901,True,0.16115512927242792,True
